chapter,q_type,text,options,answer
第六章 习题-副本,单选题,1 ( )是根据我国发展阶段、环境、条件变化提出来的，是重塑我国国际合作和竞争新优势的战略抉择。,A、 新发展阶段||B、 新发展理念||C、 新发展格局||D、 新发展时期,C
第六章 习题-副本,单选题,2 国有企业是中国特色社会主义的重要物质基础和政治基础，关系( )地位的巩固，关系我们党的执政地位和执政能力，关系我国社会主义制度。,A、 社会发展主体||B、 经济体制主体||C、 人民主体||D、 公有制主体,D
第六章 习题-副本,单选题,3 现代化经济体系必须坚持质量第一、( )优先。,A、 速度||B、 人才||C、 利益||D、 效益,D
第六章 习题-副本,单选题,4 ( )是实现高质量发展的指导原则。,A、 新发展理念||B、 新发展方位||C、 新发展阶段||D、 供给侧改革,A
第六章 习题-副本,单选题,5 建设充分发挥( )，更好发挥政府作用的经济体制。,A、 市场作用||B、 社会福利补给||C、 服务业动能||D、 社会作用,A
第六章 习题-副本,单选题,6 经济改革的方向是要让( )在资源配置中发挥决定性作用。,A、 科技||B、 政府||C、 市场||D、 创新,C
第六章 习题-副本,单选题,7 ( )是化解我国经济发展面临困难和矛盾的重大举措。,A、 健全民主法制||B、 供给侧结构性改革||C、 人民主体地位||D、 社会公平正义,B
第六章 习题-副本,单选题,8 构建高水平社会主义市场经济体制，关键是要( )。,A、 处理好政府和市场的关系||B、 处理好当前利益和长远利益的关系||C、 处理好中国和外国的关系||D、 处理好效率和公平的关系,A
第六章 习题-副本,单选题,9 ( )的发展理念，相互贯通、相互促进，是具有内在联系的集合体，要统一贯彻，不能顾此失彼，也不能相互替代。,A、 创新、和谐、绿色、开放、发展||B、 改革、和谐、绿色、开放、共享||C、 创新、协调、和谐、开放、共赢||D、 创新、协调、绿色、开放、共享,D
第六章 习题-副本,单选题,10 我们乘势而上开启全面建设社会主义现代化国家新征程、向第二个百年奋斗目标进军，这标志着我国进入了一个( )。,A、 新发展格局||B、 新发展阶段||C、 新发展方位||D、 新发展时期,B
第六章 习题-副本,单选题,11 我国经济已由高速增长阶段转向( )，正处在转变发展方式、优化经济结构、转换增长动力的攻关期。,A、 高质量发展阶段||B、 低速阶段||C、 高水平发展阶段||D、 中高速阶段,A
第六章 习题-副本,单选题,12 党的十八大以来，我国经济已由高速增长阶段转向()阶段。,A、 高水平开放||B、 高质量发展||C、 强动力转换||D、 世界级市场,B
第六章 习题-副本,单选题,13 ( )是发展行动的先导。,A、 发展策略||B、 发展方向||C、 发展理念||D、 发展格局,C
第六章 习题-副本,单选题,14 ()是引领发展的第一动力。,A、 劳动力||B、 科技||C、 创新||D、 资本,C
第六章 习题-副本,多选题,1 高质量发展的重大战略意义是( ).,A、 高质量发展是不断满足人民对美好生活需要的重要保证。||B、 高质量发展是维护国家长治久安的必然要求。||C、 高质量发展为全面建设社会主义现代化国家提供更为坚实的物质基础。||D、 以上都对,ABCD
第六章 习题-副本,多选题,2 建设( )的高标准市场体系，是发挥我国市场优势的必然选择。,A、 统一开放||B、 竞争有序||C、 制度完备||D、 治理完善,ABCD
第六章 习题-副本,多选题,3 社会主义基本经济制度包括( )。,A、 人民代表大会制度||B、 按劳分配为主体、多种分配方式并存||C、 社会主义市场经济体制||D、 公有制为主体、多种所有制经济共同发展,BCD
第六章 习题-副本,多选题,4 构建新发展格局，必须( )。,A、 保证经济循环的畅通无阻||B、 具备强大的国内经济循环体系和稳固的基本盘，巩固和发展我国经济的强大竞争力||C、 实现经济在高水平上的动态平衡||D、 发挥比较优势，以国内大循环吸引全球资源要素,ABCD
第六章 习题-副本,多选题,5 以下对于国有企业认识的观点，正确的是( )。,"A、 要深化国有企业改革,坚持有利于国有资产保值增值||B、 国有企业是中国特色社会主义的重要物质基础和政治基础||C、 国有企业与民争利||D、 坚持党对国有企业的领导不动摇||E、 推动国有资本和国有企业做强做优做大。",ABCDE
第六章 习题-副本,多选题,6 非公有制经济包括( ).,A、 个体经济||B、 外商投资经济||C、 港澳台投资经济||D、 混合所有制经济中的非国有成分和非集体成分||E、 民营经济,ABCDE
第六章 习题-副本,多选题,7 公有制经济包括( )。,A、 集体经济||B、 国有经济||C、 混合所有制经济中的国有成分||D、 混合所有制经济中的集体成分,ABCD
第六章 习题-副本,多选题,8 新发展阶段是( )。,A、 决胜全面小康社会的阶段||B、 全面建设社会主义现代化国家、向第二个百年奋斗目标进军的重要阶段。||C、 中国共产党带领人民迎来从站起来、富起来到强起来历史性跨越的新阶段||D、 我国社会主义初级阶段历史进程中的一个重要阶段,ABCD
第六章 习题-副本,多选题,9 促进区域协调发展，( )。,A、 是贯彻新发展理念的重要内容，也是实现高质量发展的必然要求||B、 要求各地区在经济发展上达到同一水平||C、 要深入实施区域协调发展战略、区域重大战略、主体功能区战略||D、 要推进以人为核心的新型城镇化，加快农业转移人口市民化。,ACD
第六章 习题-副本,多选题,10 公有制经济 ( )。,A、 是全体人民的宝贵财富||B、 公有制主体地位不能动摇||C、 是巩固党的执政地位、坚持我国社会主义制度的重要保证||D、 是我国各族人民共享发展成果的制度性保证,ABCD
第六章 习题-副本,多选题,11 我国非公有制经济是( )。,A、 国家税收的重要来源||B、 社会主义市场经济的重要组成部分||C、 经济持续健康发展的重要力量||D、 就业创业的重要领域，||E、 稳定经济的重要基础,ABCDE
第六章 习题-副本,多选题,12 建设现代化产业体系,A、 加快发展数字经济||B、 大力发展战略性新兴产业||C、 发展现代流通产业||D、 构建优质高效的服务业新体系||E、 巩固优势产业领先地位,ABCDE
第六章 习题-副本,多选题,13 大力推动构建新发展格局，必须( )。,A、 着力发展实体经济||B、 着力推动产业链供应链优化升级||C、 着力破除制约加快构建新发展格局的主要矛盾和问题||D、 着力推动实施扩大内需战略同深化供给侧结构性改革有机结合||E、 坚持持问题导向和系统观念,ABCDE
第六章 习题-副本,多选题,14 全面地理解和把握新发展理念，( ),A、 要从忧患意识上把握新发展理念，下好先手棋，打好主动仗||B、 要从根本宗旨上把握新发展理念，坚持以人民为中心的发展思想||C、 要从问题导向上把握新发展理念，切实解决发展不平衡不充分问题||D、 新发展理念是引领我国发展全局深刻变革的科学指引,ABCD
第六章 习题-副本,多选题,15 新发展理念具有丰富的科学内涵和具体的实践要求是( )。,A、 创新是引领发展的第一动力，创新发展注重的是解决发展动力问题||B、 开放是国家繁荣发展的必由之路，开放发展注重的是解决发展内外联动问题||C、 共享是中国特色社会主义的本质要求，共享发展注重的是解决社会公平正义问题||D、 协调是持续健康发展的内在要求，协调发展注重的是解决发展不平衡问题||E、 绿色是永续发展的必要条件和人民对美好生活追求的重要体现，绿色发展注重的是解决人与自然和谐共生问题,ABCDE
第六章 习题-副本,多选题,16 构建新发展格局是( )。,"A、 以全国统一大市场基础上的国内大循环为主体,不是各地都搞自我小循环||B、 事关全局的系统性、深层次变革||C、 开放的国内国际双循环，不是封闭的国内单循环||D、 把握未来发展主动权的先手棋||E、 适应我国发展新阶段要求、塑造国际合作和竞争新优势的必然选择",ABCDE
第六章 习题-副本,填空题,1 贯彻____是新时代我国发展壮大的必由之路。,,新发展理念
第六章 习题-副本,填空题,2 构建以____为主体、____相互促进的新发展格局，是推动高质量发展的战略基点，是关系我国发展全局的重大战略任务。,,国内大循环 国内国际双循环
第六章 习题-副本,填空题,"3 公有制经济和____都是社会主义市场经济的重要组成部分,都是我国经济社会发展的重要基础。",,非公有制经济
第六章 习题-副本,填空题,4 ____是中国特色社会主义的重要物质基础和政治基础，是我们党执政兴国的重要支柱和依靠力量。,,国有企业
第六章 习题-副本,填空题,5 ____是全面建设社会主义现代化国家的首要任务。,,高质量发展
第六章 习题-副本,填空题,6 使市场在资源配置中起____作用，更好地发挥____作用，这是我们党对中国特色社会主义建设规律认识的一个新突破。,,决定性 政府
第六章 习题-副本,填空题,7 ____是党和国家治理经济的重要方式，其主要任务是保持经济总量平衡，促进重大经济结构协调和生产力布局优化。,,宏观调控
第六章 习题-副本,填空题,8 我们确立了____、____并存的分配制度，形成了我国的基本分配制度。,,按劳分配为主体 多种分配方式
第六章 习题-副本,判断题,1 坚持创新发展、协调发展、绿色发展、开放发展、共享发展，是关系我国发展全局的一场深刻变革。( ),,对
第六章 习题-副本,判断题,2 全面建设社会主义现代化国家，最艰巨最繁重的任务依然在农村，最广泛最深厚的基础依然在农村。( ),,对
第六章 习题-副本,判断题,3 经济发展是一个螺旋式上升的过程，上升不是线性的，量积累到一定阶段，必须转向质的提升，我国经济发展也要遵循这一规律。( ),,对
第六章 习题-副本,判断题,4 共享既是发展手段又是发展目标，同时还是评价发展的标准和尺度。( ),,错
第六章 习题-副本,判断题,5 坚持全民共享、全面共享、共建共享、渐进共享，使全体人民有更多获得感、幸福感、安全感，朝着共同富裕方向稳步前进。( ),,对
第六章 习题-副本,判断题,6 我国将立足新发展阶段，贯穿新发展理念，积极构建以国际大循环为主体、国内国际双循环相互促进的新发展格局。( ),,错
第六章 习题-副本,判断题,7 建设现代化经济体系是我国发展的战略目标，是推动高质量发展、全面提高经济整体竞争力的必然要求。( ),,对
第十七章-副本,单选题,1 坚持和加强党的全面领导，坚持党要管党、全面从严治党，以( )为主线。,A、 调动全党积极性、主动性、创造性||B、 加强党的长期执政能力建设、先进性和纯洁性建设||C、 党的政治建设||D、 坚定理想信念宗旨,B
第十七章-副本,单选题,2 ( )是党的建设的一贯要求和根本方针。,A、 党要管党、从严治党||B、 与时俱进||C、 勇于自我革命||D、 “四个意识”和“两个维护”,A
第十七章-副本,单选题,3 经过不懈努力，党找到了( )这一跳出治乱兴衰历史周期率的第二个答案，确保党永远不变质、不变色、不变味。,A、 自我完善||B、 新发展理念||C、 总体国家安全观||D、 自我革命,D
第十七章-副本,单选题,4 ( )就是要坚定理想信念宗旨，自觉抵御各种腐朽思想侵蚀，提高政治免疫力，清除一切侵蚀党的健康肌体的病毒。,A、 自我净化||B、 自我革新||C、 自我完善||D、 自我提高,A
第十七章-副本,单选题,5 ( )是党的政治建设的首要任务。,A、 学习贯彻习近平新时代中国特色社会主义思想||B、 保证全党服从中央，维护党中央权威和集中统一领导||C、 贯彻“四个全面”||D、 增强“四个意识”,B
第十七章-副本,单选题,6 ( )是我们党区别于其他政党的显著标志,A、 勇于挑战||B、 勇于创新||C、 勇于自我革命||D、 勇于突破,C
第十七章-副本,单选题,7 坚持党要管党、全面从严治党，以党的( )为统领。,A、 作风建设||B、 组织建设||C、 思想建设||D、 政治建设,D
第十七章-副本,单选题,8 新中国成立以来，中国共产党人提出跳出历史周期率的两个答案是( )。,A、 让人民来监督政府;自我革命||B、 自力更生;艰苦奋斗||C、 以经济建设为中心;改革开放||D、 实现四个现代化和实现中华民族伟大复兴,A
第十七章-副本,单选题,9 党的十九大强调，党的( )是党的根本性建设，要摆在首位。,A、 作风建设||B、 政治建设||C、 思想建设||D、 组织建设,B
第十七章-副本,单选题,10 ( )是党的基础性建设。,A、 政治建设||B、 作风建设||C、 思想建设||D、 制度建设,C
第十七章-副本,单选题,11 全面建设社会主义现代化国家、全面推进中华民族伟大复兴，关键在党，关键在( )。,A、 党中央||B、 维护党中央权威||C、 高质量发展||D、 全面从严治党,D
第十七章-副本,多选题,1 党的十八大以来，我们坚持党要管党、全面从严治党，坚持问题导向，以整治“四风”为突破口，“四风”包括:形式主义、( ),A、 奢靡之风||B、 享乐主义||C、 官僚主义||D、 利己主义,ABC
第十七章-副本,多选题,2 之所以要把党的政治建设摆在首位，是因为( )。,A、 只有党的政治建设抓好了，党的建设才能夯基固本||B、 旗帜鲜明讲政治是我们党作为马克思主义政党的根本要求||C、 如果马克思主义政党政治上的先进性丧失了，党的先进性和纯洁性就无从谈起||D、 党的政治建设决定党的建设方向和效果,ABCD
第十七章-副本,多选题,3 加强党的自身建设是( )。,A、 新形势下推进进行伟大斗争的必然要求||B、 新形势下推进实现伟大梦想的必然要求||C、 把党锻造成为坚强有力的马克思主义执政党的迫切需要||D、 新形势下推进伟大事业的必然要求,ABCD
第十七章-副本,多选题,4 中国共产党是世界上最大的马克思主义执政党，解决大党独有难题，要( )。,A、 坚守奠基创业时的初心，坚守党的理想信念宗旨||B、 以清醒的自觉、持续的定力破解难题||C、 在重大问题、严峻形势面前始终心往一处想、劲往一处使||D、 始终保持艰苦奋斗、奋发有为的精气神，敢于斗争、勇于担当作为||E、 与时俱进提高科学执政、民主执政、依法执政水平,ABCDE
第十七章-副本,多选题,5 我们党之所以勇于自我革命，是因为( )。,A、 以上都正确||B、 我们党立志于中华民族千秋伟业，始终坚守初心使命||C、 我们党有高度的自信，勇于坚持真理、修正错误||D、 我们党除了国家、民族、人民的利益，没有任何自己的特殊利益,ABCD
第十七章-副本,多选题,6 全面从严治党，关键在严，“关键在严”，就是( )。,A、 坚持严字当头，把严的要求贯穿党的建设全过程||B、 做到真管真严、敢管敢严、长管长严||C、 敢于动真格，不降标准，不图形式，不走过场||D、 让一切违纪违规的言行无处遁形,ABCD
第十七章-副本,多选题,7 加强作风建设，必须( )。,A、 要锲而不舍落实中央八项规定精神，持续深化纠治“四风”||B、 紧紧围绕保持党同人民群众的血肉联系，增强群众观念和群众感情||C、 促进党员干部特别是领导干部带头深入调查研究||D、 要推进作风建设常态化长效化||E、 要弘扬党的光荣传统和优良作风,ABCDE
第十七章-副本,多选题,8 全面从严治党，“要害在治”，就是( )。,A、 敢于瞪眼黑脸，勇于执纪问责||B、 各级纪委要担负起监督责任||C、 坚持标本兼治，拔“烂树”、治“病树”、正“歪树”||D、 从党中央到地方各级党委都要担负起主体责任||E、 要真正解决问题、切实担起责任,ABCDE
第十七章-副本,多选题,9 新形势下党执政面临的“四大考验”包括长期执政考验、( ),A、 管党治党考验||B、 外部环境考验||C、 改革开放考验||D、 市场经济考验,BCD
第十七章-副本,多选题,10 坚决打赢反腐败斗争攻坚战持久战，必须清醒认识到，腐败和反腐败较量还在激烈进行，必须( )。,A、 坚决防止政商勾连、资本向政治领域渗透等破坏政治生态和经济发展环境的腐败||B、 坚持以零容忍态度反腐惩恶不动摇||C、 要坚决惩治不收敛不收手、胆大妄为者||D、 坚决查处政治问题和经济问题交织的腐败||E、 坚决防止领导干部成为利益集团和权势团体的代言人、代理人,ABCDE
第十七章-副本,多选题,11 党的二十大报告指出，中国共产党立志于中华民族千秋伟业，致力于人类和平与发展崇高事业，全党同志要始终牢记“三个务必”，这“三个务必”是( )。,A、 务必贯彻好群众路线||B、 务必不忘初心、牢记使命||C、 务必谦虚谨慎、艰苦奋斗||D、 务必敢于斗争、善于斗争,BCD
第十七章-副本,多选题,12 习近平关于党的建设的重要思想，包括( )。,A、 坚持持之以恒正风肃纪;坚持一体推进不敢腐、不能腐、不想腐||B、 坚持和加强党的全面领导;坚持以党的自我革命引领社会革命||C、 坚持思想建党、理论强党;坚持严密党的组织体系||D、 坚持以党的政治建设统领党的建设各项工作;坚持江山就是人民、人民就是江山||E、 坚持造就忠诚干净担当的高素质干部队伍;坚持聚天下英才而用之,ABCDE
第十七章-副本,多选题,13 全面从严治党是一项管党治党的系统工程，要( )。,"A、 坚持制度上全贯通，把制度建设要求体现到全面从严治党全过程||B、 坚持对象上全覆盖，面向党的各级组织和全体党员||C、 坚持内容上全涵盖，党的建设推进到哪里，全面从严治党体系就要构建到哪里||D、 坚持责任上全链条,让每名党员、干部行使应有权利、履行应尽责任",ABCD
第十七章-副本,多选题,"14 新时代党的建设总要求,包括( )。",A、 坚持和加强党的全面领导，坚持党要管党、全面从严治党||B、 把制度建设贯穿其中，深入推进反腐败斗争||C、 把党建设成为人民衷心拥护、勇于自我革命的马克思主义执政党||D、 以加强党的长期执政能力建设、先进性和纯洁性建设为主线||E、 以党的政治建设为统领，以坚定理想信念宗旨为根基，全面推进党的各项建设,ABCDE
第十七章-副本,多选题,15 我们要落实新时代党的建设总要求，健全全面从严治党体系，全面推进党的( ),A、 自我完善||B、 自我革新||C、 自我提高||D、 自我净化,ABCD
第十七章-副本,多选题,16 党的十八大以来，以习近平同志为核心的党中央坚持以雷霆之势惩治腐败，走出一条依靠制度优势、法治优势反腐败之路，具体表现在( )。,A、 “打虎”“拍蝇”“猎狐”多管齐下||B、 把权力关进制度的笼子里||C、 坚持不敢腐、不能腐、不想腐一体推进||D、 构建起党全面领导的反腐败工作格局||E、 依靠理想信念教育作为反腐败的根本举措,ABCD
第十七章-副本,多选题,17 新形势下党执政面临的“四大危险”包括精神懈怠危险、( ),A、 脱离群众危险||B、 动力不足考验||C、 消极腐败危险||D、 能力不足危险,ACD
第十七章-副本,填空题,1 作风问题的核心是____的关系问题。,,党同人民群众
第十七章-副本,填空题,2 党的十八大以来，以习近平同志为核心的党中央把全面从严治党纳入“四个全面”战略布局，深入推进新时代党的建设新的伟大工程，提出一系列新理念新思想新战略，形成习近平____的重要思想。,,关于党的建设
第十七章-副本,填空题,3 全面从严治党，核心是____，基础在全面，关键在严，要害在治。,,加强党的领导
第十七章-副本,填空题,4 ____是危害党的生命力和战斗力的最大毒瘤，是党长期执政面临的最大威胁。____是最彻底的自我革命，是全面从严治党的“必答题”。,,腐败 反腐败
第十七章-副本,填空题,5 ____是党永葆生机活力、走好新的赶考之路的必由之路，是新时代党的建设的鲜明主题。,,全面从严治党
第十七章-副本,填空题,6 党的____是跳出历史周期率的第二个答案。,,自我革命
第十七章-副本,判断题,1 党的自我革新，就是要永不僵化、永不停滞，在学习实践中砥砺品格、增长才干，全面增强执政本领，不断提升政治境界、思想境界、道德境界，永葆党的生机活力。( ),,错
第十七章-副本,判断题,2 党的自我革命是跳出历史周期率的第一个答案。( ),,错
第十七章-副本,判断题,3 要以伟大社会革命引领伟大自我革命，以伟大自我革命促进伟大社会革命，确保党在新时代坚持和发展中国特色社会主义的历史进程中始终成为坚强领导核心。( ),,错
第十七章-副本,判断题,4 全面从严治党，核心是加强党的领导，基础在全面，关键在严，要害在治。( ),,对
第十七章-副本,判断题,5 政治建设是党永葆生机活力、走好新的赶考之路的必由之路。( ),,错
第十七章-副本,判断题,6 党的政治建设是根本性建设，决定党的建设的方向和效果，只有党的政治建设抓好了，党的建设才能夯基固本。( ),,对
第七章 社会主义现代化建设的教育、科技、人才战略-副本,单选题,1 ( )是科技创新的源头。我国面临的很多“卡脖子”技术问题，根子是基础理论研究跟不上。,A、 应用研究||B、 基础研究||C、 经济特区||D、 国家实验室,B
第七章 社会主义现代化建设的教育、科技、人才战略-副本,单选题,2 ( )是国家强盛之基、安全之要。,A、 科技自立自强||B、 人才引进||C、 共同富裕||D、 改革开放,A
第七章 社会主义现代化建设的教育、科技、人才战略-副本,单选题,3 ( )提出“科学技术是第一生产力”。,A、 毛泽东||B、 胡锦涛||C、 邓小平||D、 习近平,C
第七章 社会主义现代化建设的教育、科技、人才战略-副本,单选题,4 科教兴国是我国的( )。,A、 基本战略||B、 基本政策||C、 基本路线||D、 基本国策,D
第七章 社会主义现代化建设的教育、科技、人才战略-副本,单选题,5 ( )是发展教育的根本尺度。,A、 实现共同富裕||B、 科技突破||C、 人民满意||D、 发展生产力,C
第七章 社会主义现代化建设的教育、科技、人才战略-副本,单选题,6 必须坚持( )是第一生产力。,A、 环境||B、 人才||C、 资源||D、 科技,D
第七章 社会主义现代化建设的教育、科技、人才战略-副本,单选题,7 ( )是发展第一动力。,A、 创新||B、 党的领导||C、 人才||D、 科技,A
第七章 社会主义现代化建设的教育、科技、人才战略-副本,单选题,8 ( )是民族振兴、社会进步的基石。,A、 人才||B、 科技||C、 共同富裕||D、 教育,D
第七章 社会主义现代化建设的教育、科技、人才战略-副本,单选题,9 必须坚持教育优先发展，把( )作为教育的根本任务，办好人民满意的教育。,A、 社会实践||B、 专业技术||C、 立德树人||D、 创新拔尖,C
第七章 社会主义现代化建设的教育、科技、人才战略-副本,单选题,10 ( )是我们攀登世界科技高峰的必由之路。,A、 自主创新||B、 信息技术||C、 守正创新||D、 脱贫攻坚,A
第七章 社会主义现代化建设的教育、科技、人才战略-副本,多选题,1 建设教育强国是( )。,"A、 是实现高水平科技自立自强的重要支撑||B、 全面建成社会主义现代化强国的战略先导||C、 是以中国式现代化全面推进中华民族伟大复兴的基础工程,||D、 必须把教育事业放在优先发展的战略位置",ABCD
第七章 社会主义现代化建设的教育、科技、人才战略-副本,多选题,2 实施人才强国战略，( )，实施更加积极、更加开放、更加有效的人才政策。,A、 完善人才战略布局||B、 要坚持党管人才原则||C、 深化人才发展体制机制改革||D、 坚持尊重劳动、尊重知识、尊重人才、尊重创造,ABCD
第七章 社会主义现代化建设的教育、科技、人才战略-副本,多选题,3 实现高水平科技自立自强是( )。,A、 推动高质量发展的内在要求||B、 应对风险挑战和维护国家利益的必然选择||C、 构建新发展格局的内在要求||D、 满足人民美好生活需要的内在要求,ABCD
第七章 社会主义现代化建设的教育、科技、人才战略-副本,多选题,4 我们培养的人，( )。,A、 要有高尚的道德品质，厚植爱国主义情怀||B、 要积极投身社会实践，增长经验和技能||C、 要坚定共产主义远大理想和中国特色社会主义共同理想||D、 要养成刻苦学习的习惯,ABCD
第七章 社会主义现代化建设的教育、科技、人才战略-副本,多选题,5 落实立德树人根本任务，必须着力解决好( )的问题，这是教育的根本问题，也是( )的核心课题。,A、 为谁培养人||B、 建设教育强国||C、 怎样培养人||D、 培养什么人,ABCD
第七章 社会主义现代化建设的教育、科技、人才战略-副本,多选题,6 实施( )是增强综合国力、满足人民群众美好生活需要的必然要求，是建设教育强国、科技强国、人才强国的重大举措,A、 人才强国战略||B、 创新驱动发展战略||C、 “四个全面战略”||D、 科教兴国战略,ABD
第七章 社会主义现代化建设的教育、科技、人才战略-副本,多选题,7 实施创新驱动发展战略，( )，让创新成为全社会的共同行动。,A、 要坚持面向世界科技前沿、面向经济主战场||B、 要坚持面向国家重大需求、面向人民生命健康||C、 坚持科技创新，增强自主创新能力||D、 坚决打赢关键核心技术攻坚战,ABCD
第七章 社会主义现代化建设的教育、科技、人才战略-副本,多选题,"8 全面建设社会主义现代化国家,( )。",A、 人才是基础||B、 科技是关键||C、 教育是根本||D、 改革是保证,ABC
第七章 社会主义现代化建设的教育、科技、人才战略-副本,多选题,9 办好人民满意的教育，( )。,A、 大力促进教育公平||B、 坚持深化教育改革创新||C、 提升教育服务经济社会发展能力||D、 加快建设高质量教育体系||E、 坚持把教师队伍建设作为基础工作,ABCDE
第七章 社会主义现代化建设的教育、科技、人才战略-副本,多选题,10 必须坚持教育( )。,A、 为人民服务||B、 为改革开放和社会主义现代化建设服务||C、 为中国共产党治国理政服务||D、 为巩固和发展中国特色社会主义制度服务,ABCD
第七章 社会主义现代化建设的教育、科技、人才战略-副本,多选题,11 建设人才强国，必须( )。,A、 走好人才自主培养之路||B、 深化人才发展体制机制改革||C、 坚持党对人才工作的全面领导||D、 营造识才爱才敬才用才的环境||E、 加快建设世界重要人才中心和创新高地,ABCDE
第七章 社会主义现代化建设的教育、科技、人才战略-副本,多选题,12 教育优先发展，要做到( )，使我国教育越办越好。,A、 推动健全优先发展教育事业的体制机制||B、 经济社会发展规划优先安排教育发展||C、 公共资源配置优先满足教育和人力资源开发需要||D、 财政资金投入优先保障教育投入,ABCD
第七章 社会主义现代化建设的教育、科技、人才战略-副本,多选题,13 实施科教兴国战略，( )。,A、 是决胜全面小康社会的重大部署||B、 是建设创新型国家的必然要求||C、 是应对新时代环境变化的必然要求||D、 是应对国际竞争的有力举措,BCD
第七章 社会主义现代化建设的教育、科技、人才战略-副本,填空题,1 ____是实现民族振兴、赢得国际竞争主动的战略资源。,,人才
第七章 社会主义现代化建设的教育、科技、人才战略-副本,填空题,2 ____是国之大计、党之大计。,,教育
第七章 社会主义现代化建设的教育、科技、人才战略-副本,填空题,3 人才强国战略，就是要牢固树立人才资源是____的理念。,,第一资源
第七章 社会主义现代化建设的教育、科技、人才战略-副本,填空题,4 教育、____、人才是全面建设社会主义现代化国家的基础性、战略性支撑。,,科技
第七章 社会主义现代化建设的教育、科技、人才战略-副本,填空题,5 创新驱动发展战略，就是要坚持创新是____，把创新驱动落实到现代化建设整个进程和各个方面。,,第一动力
第七章 社会主义现代化建设的教育、科技、人才战略-副本,填空题,6 ____是国之利器。要加快实现高水平科技自立自强。,,科技
第七章 社会主义现代化建设的教育、科技、人才战略-副本,判断题,1 把教育技术掌握在自己手中，才能真正掌握竞争和发展的主动权。,,错
第七章 社会主义现代化建设的教育、科技、人才战略-副本,判断题,"2 坚持党对人才工作的全面领导,这是做好人才工作的根本保证.",,对
第七章 社会主义现代化建设的教育、科技、人才战略-副本,判断题,3 科技是富国之本、兴邦大计。科技已经成为推动社会发展最活跃、最积极的因素。,,错
第七章 社会主义现代化建设的教育、科技、人才战略-副本,判断题,4 科技创新是百年未有之大变局中的一个关键变量，世界主要国家纷纷把科技创新作为国际战略博弈的主要战场。,,对
第七章 社会主义现代化建设的教育、科技、人才战略-副本,判断题,5 全面建成社会主义现代化强国关键看科技自立自强。,,对
第七章 社会主义现代化建设的教育、科技、人才战略-副本,判断题,6 实现高水平科技自立自强是国家强盛和民族复兴的战略基石。,,对
第七章 社会主义现代化建设的教育、科技、人才战略-副本,判断题,7 培养入才是国家和民族长远发展大计。,,对
第七章 社会主义现代化建设的教育、科技、人才战略-副本,判断题,8 人才是国之大计、党之大计，是国家经济社会发展的支撑力量，在国家发展中始终具有基础性先导性全局性地位。,,错
第三章 习题-副本,单选题,1 坚持党总揽全局、协调各方的领导核心地位，( )形象地说，这就像“众星捧月”，这个“月”就是中国共产党。,A、 江泽民||B、 毛泽东||C、 邓小平||D、 习近平,D
第三章 习题-副本,单选题,2 中国共产党的领导是中国特色社会主义最本质的特征，这是( )以来习近平提出的一个重要论断。,A、 党的十七大||B、 党的十五大||C、 党的十九大||D、 党的十八大,D
第三章 习题-副本,单选题,3 党的领导制度是我国的( )制度,A、 基本制度||B、 重要制度||C、 根本制度||D、 政策策略,C
第三章 习题-副本,单选题,4 ( )是中国特色社会主义最本质的特征。,A、 “五位一体总体布局”||B、 中国共产党的领导||C、 以经济建设为中心||D、 以人为本,B
第三章 习题-副本,单选题,5 ( )是我国的根本领导制度，居于统领地位。,A、 党的组织原则||B、 党的性质宗旨||C、 党的政治原则||D、 党的领导制度,D
第三章 习题-副本,单选题,6 习近平指出:“一定要认清，中国最大的国情就是( )。什么是中国特色?这就是中国特色。”,A、 人口14亿||B、 中国共产党的领导||C、 吃饭是个山大的问题||D、 人均GDP世界第二,B
第三章 习题-副本,单选题,7 ( )是党的领导的最高原则，是党保持团结统一和强大战斗力的关键所在。,A、 党中央集中统一领导||B、 群众路线||C、 民主集中制||D、 实事求是,A
第三章 习题-副本,单选题,8 ( )将党的领导制度明确为我国根本领导制度。,A、 党的十九届三中全会||B、 党的十九大||C、 党的十九届四中全会||D、 党的十九届五中全会,C
第三章 习题-副本,单选题,9 维护党中央权威和集中统一领导，最关键的是( )。,A、 实行民主集中制||B、 严明政治纪律||C、 修改党章，加强党中央权力||D、 坚决维护习近平同志党中央的核心、全党的核心地位,D
第三章 习题-副本,单选题,10 面对新时代新挑战新要求，( )就是战胜艰难险阻，不断取得胜利的制胜法宝。,A、 增加党员人数||B、 坚持和加强党的领导||C、 改进完善党的领导||D、 全面推进党的改革,B
第三章 习题-副本,单选题,11 中国共产党是以( )为根本组织原则和领导制度。,A、 党章||B、 群众路线||C、 民主集中制||D、 政治纪律,C
第三章 习题-副本,单选题,12 中国共产党的性质决定了党的宗旨是( )。,A、 为实现共产主义而奋斗||B、 立党为公、执政为民||C、 全心全意为人民服务||D、 以人为本、执政为民,C
第三章 习题-副本,单选题,13 历史和现实证明，( )就没有中国特色社会主义的产生与发展。,A、 没有中国共产党的指导||B、 没有中国共产党的组织||C、 没有中国共产党的监督||D、 没有中国共产党的领导,D
第三章 习题-副本,单选题,14 《中国共产党党章》明确规定，中国共产党是中国工人阶级的先锋队，同时是( )。,A、 中华民族的先锋队||B、 中国新阶层的先锋队||C、 中国人民和中华民族的先锋队||D、 中国人民的先锋队,C
第三章 习题-副本,多选题,1 中国特色社会主义之所以是社会主义，究其根本就在于( )。,A、 坚持科学社会主义基本原则||B、 坚持中国共产党的领导||C、 坚持按劳分配||D、 坚持社会主义市场经济体制,AB
第三章 习题-副本,多选题,2 中国共产党是中国特色社会主义事业的( )。,A、 发动者||B、 推动者||C、 开创造||D、 引领者,BCD
第三章 习题-副本,多选题,3 党的领导是做好党和国家各项工作的根本保证，是我国( )的根本点，绝对不能有丝毫动摇。,A、 社会稳定||B、 民族团结||C、 经济发展||D、 政治稳定,ABCD
第三章 习题-副本,多选题,4 党章规定的民主集中制要求( )。,A、 党员个人服从党的组织||B、 全党各个组织和全体党员服从党的全国代表大会和中央委员会||C、 少数服从多数||D、 下级组织服从上级组织,ABCD
第三章 习题-副本,多选题,5 坚持和加强党的全面领导，使党的( )显著增强.,A、 政治领导力||B、 思想引领力||C、 社会号召力||D、 群众组织力,ABCD
第三章 习题-副本,多选题,6 坚持和完善党的领导，是( )。,A、 中国特色社会主义制度的最大优势||B、 党和国家的根本所在、命脉所在||C、 中国特色社会主义最本质的特征||D、 全国各族人民的利益所在、幸福所在,ABCD
第三章 习题-副本,多选题,7 中国共产党领导是中国特色社会主义最本质的特征，( )。,A、 这是在近代以来中国历史发展中形成的||B、 这是由中国最广大人民根本利益决定的||C、 这决定了中国特色社会主义其他特点和特征||D、 这是实现中华民族伟大复兴历史任务决定的,ABCD
第三章 习题-副本,多选题,8 全面加强党的领导，( )。,A、 胜利实现了全面建成小康社会的战略目标||B、 开启了全面建设社会主义现代化国家新征程。||C、 在反腐败、脱贫攻坚等重大斗争中，党的全面领导的优势得到充分彰显||D、 使我们有效应对严峻复杂的国际形势和接踵而至的巨大风险挑战||E、 有力推进了党和国家各项事业的顺利发展,ABCDE
第三章 习题-副本,多选题,9 党是最高政治领导力量，这是由我国( )和( )所决定的。,A、 经济基础||B、 经济制度||C、 国体政体||D、 国家性质,CD
第三章 习题-副本,多选题,10 确保党始终总揽全局、协调各方，必须增强政治意识( )，自觉维护党中央权威和集中统一领导，自觉在思想上政治上行动上同党中央保持高度一致。,A、 中心意识||B、 核心意识||C、 大局意识||D、 看齐意识,BCD
第三章 习题-副本,填空题,1 ____是实现中华民族伟大复兴的根本保证。,,中国共产党领导
第三章 习题-副本,填空题,2 ____是坚持和发展中国特色社会主义的必由之路，____是实现中华民族伟大复兴的必由之路。,,坚持党的全面领导 中国特色社会主义
第三章 习题-副本,填空题,3 ____是我国最高政治领导力量，党的领导制度在我国国家政治制度体系中居于统领地位.,,中国共产党
第三章 习题-副本,填空题,4 党的领导必须是____、 ____、整体的，必须体现到经济建设、政治建设、文化建设、社会建设、生态文明建设等各方面。,,全面的 系统的
第三章 习题-副本,判断题,1 坚持和完善党的领导，是党和国家的根本所在、命脉所在，是全国各族人民的利益所在、幸福所在。,,对
第三章 习题-副本,判断题,2 把党的领导制度作为我国的根本领导制度，彰显了我们党的高度制度自觉、制度自信。,,对
第三章 习题-副本,判断题,3 党的领导是全面的，所以，党组织包揽包办一切事情。,,错
第三章 习题-副本,判断题,4 坚持党总揽全局、协调各方的领导核心地位，是党作为最高政治力量在治国理政中的必然要求。,,对
第三章 习题-副本,判断题,5 中国共产党的自身优势是中国特色社会主义制度优势的主要来源。,,对
第三章 习题-副本,判断题,6 历史充分证明，没有中国共产党，就没有新中国，就没有中华民族伟大复兴，历史和人民选择了中国共产党。,,对
第三章 习题-副本,判断题,7 贯彻新发展理念，是新时代我国发展壮大的必由之路，全面从严治党是党永葆生机活力、走好新的赶考之路的必由之路。,,对
第三章 习题-副本,判断题,8 党的全面领导既坚持党的集中统一领导原则，坚持党是最高政治领导力量，又坚持民主集中制、发扬党内民主，坚持党的领导与人民当家作主、依法治国有机统一。,,对
第三章 习题-副本,判断题,9 坚持党中央权威和集中统一领导，就可以不讲民主集中制。,,错
第三章 习题-副本,判断题,10 加强和维护党中央权威和集中统一领导，是全党共同的政治责任，是党和国家事业发展的必然要求。,,对
第四章 习题-副本,单选题,1 新时代要坚持以人民为中心，在推动社会全面进步中促进( )的全面发展。,A、 文化||B、 人||C、 政治||D、 经济,B
第四章 习题-副本,单选题,2 我们党讲宗旨，讲了很多话，但说到底还是( )这句话。,A、 群众路线是根本工作路线||B、 为人民服务||C、 以人民为中心||D、 坚持人民主体地位,B
第四章 习题-副本,单选题,3 ( )是贯彻群众路线的有效途径。,A、 把人民对美好生活作为奋斗目标||B、 调查研究||C、 以人民为中心||D、 构建新发展格局,B
第四章 习题-副本,单选题,4 我们党的最大政治优势是( )。,A、 走中国特色社会主义道路||B、 党领导一切||C、 密切联系群众||D、 人多力量大,C
第四章 习题-副本,单选题,5 ( )是新时代坚持和发展中国特色社会主义的根本立场，是贯穿党治国理政全部活动的一条红线。,A、 把马克思主义基本原理与中国实际相结合||B、 “五位一体”总体布局||C、 坚持以人民为中心||D、 坚持和发展中国特色社会主义,C
第四章 习题-副本,单选题,6 中国共产党区别于其他政党的显著标志是( )。,A、 人民立场||B、 实事求是||C、 促进高质量发展||D、 深化改革,A
第四章 习题-副本,单选题,7 ( )是社会主义的本质要求，是中国式现代化的重要特征。,A、 解决社会主要矛盾||B、 共同富裕||C、 人民主体地位||D、 社会和谐,B
第四章 习题-副本,单选题,8 党执政后的最大危险是( )。,A、 改革出问题||B、 脱离群众||C、 消极腐败||D、 没有坚持公有制的主体地位,B
第四章 习题-副本,单选题,9 ( )是党的工作的最高裁决者和最终评判者。,A、 国务院||B、 党中央||C、 实践||D、 人民,D
第四章 习题-副本,单选题,10 ( )始终是党的生命线和根本工作路线，是我们党永葆青春活力和战斗力的重要传家宝。,A、 群众路线||B、 经济路线||C、 人民立场||D、 政治立场,A
第四章 习题-副本,单选题,11 ( )是立党为公、执政为民的本质要求。,A、 政治立场||B、 贯彻新发展理念||C、 实现高质量发展||D、 为民造福,D
第四章 习题-副本,单选题,12 实现全体人民共同富裕的宏伟目标，最终靠的是( )。,A、 人||B、 发展||C、 实干||D、 奋斗,B
第四章 习题-副本,单选题,13 邓小平指出:“社会主义最大的优越性就是( )，这是体现社会主义本质的一个东西。”,A、 办事效率高||B、 党的领导||C、 共同富裕||D、 走和平发展道路,C
第四章 习题-副本,单选题,14 ( )是党执政的最大底气，也是党执政最深厚的根基。,A、 物质基础雄厚||B、 人民||C、 实现共产主义理想||D、 有丰富经验,B
第四章 习题-副本,多选题,1 坚持以人民为中心的发展思想，要( )。,A、 坚持和贯彻党的群众路线||B、 推动全体人民共同富裕取得更为明显的实质性进展。||C、 总结、概括人民群众实践中形成的新鲜经验||D、 把以人民为中心的发展思想切实贯穿到党和国家事业各方面,ABCD
第四章 习题-副本,多选题,2 实现共同富裕 ，( )。,A、 这不仅是经济问题，而且是关系党的执政基础的重大政治问题||B、 这是解决我国发展不平衡不充分问题的现实需要||C、 这是中国特色社会主义的本质要求||D、 这是中国式现代化的重要特征||E、 要处理好先富和共富的关系,ABCDE
第四章 习题-副本,多选题,3 党依靠人民，推进( )走出一条中国特色社会主义道路。,A、 社会主义现代化国家||B、 全面建成小康社会||C、 社会主义现代化建设||D、 改革开放,CD
第四章 习题-副本,多选题,4 对“江山就是人民、人民就是江山”的理解是( )。,A、 人民是我们党的生命之根、执政之基、力量之源||B、 这是由我们党的性质、宗旨决定的||C、 闪耀着历史唯物主义的真理光芒||D、 充分说明我国国体政体的人民性,ABCD
第四章 习题-副本,多选题,5 党依靠人民，从小到大、从弱到强，打败了强大的内外敌人，取得了新民主主义革命胜利，实现了( )，建立了中华人民共和国。,A、 人民解放||B、 国家富强||C、 民族独立||D、 人民幸福,AC
第四章 习题-副本,多选题,6 党依靠人民，推动党和国家事业( )，推动中国特色社会主义进入新时代。,A、 取得历史性成就||B、 发生历史性变革||C、 经济社会发展||D、 人民生活更加富裕,AB
第四章 习题-副本,多选题,7 以人民为中心是我们党( )的生动体现，是全心全意为人民服务的时代彰显。,A、 立党为公||B、 执政为民||C、 落实群众路线||D、 坚持宗旨原则,AB
第四章 习题-副本,多选题,8 坚持人民立场，就要做到( )。,A、 坚持以人民为中心的执政理念||B、 始终保持党同人民群众的血肉联系||C、 与人民风雨同舟、生死与共||D、 始终牢记党的初心和使命,ABCD
第四章 习题-副本,多选题,9 领导干部要树立这样的政绩观( )。,A、 把为老百姓办了多少好事实事作为检验政绩的重要标准||B、 以人民满意不满意作为检验工作的最终评判标准||C、 把为民办事、为民造福作为最重要的政绩||D、 大搞劳民伤财的形象工程和政绩工程||E、 以国内生产总值增长率论英雄,ABCE
第四章 习题-副本,多选题,10 对党的群众路线的理解，( )。,A、 它是唯物史观关于人民群众是历史创造者的原理在党的工作中的运用||B、 它充分体现了以人民为中心的根本政治立场||C、 它是我们党永葆青春活力和战斗力的重要传家宝||D、 其内容是一切为了群众，一切依靠群众，从群众中来，到群众中去,ABCD
第四章 习题-副本,多选题,11 ( )与( )相统一，既是马克思主义的价值追求，也是社会主义的本质要求，更是中国共产党人的奋斗目标。,A、 促进社会稳定||B、 促进共同富裕||C、 促进人的全面发展||D、 促进经济发展,BC
第四章 习题-副本,多选题,12 党依靠人民创造历史伟业，就要做到( )。,A、 总结、概括人民群众实践中形成的新鲜经验||B、 激发人民群众的创新创造活力||C、 尊重人民首创精神||D、 尊重人民主体地位,ABCD
第四章 习题-副本,多选题,13 以人民为中心的发展思想，不是高高在上的宣传口号，绝对不能只停留在口头上，要全方位贯穿于经济社会发展的各个环节，体现在人民群众( )的扎实提升上。,A、 使命感||B、 幸福感||C、 获得感||D、 安全感,BCD
第四章 习题-副本,多选题,14 扎实推进共同富裕，要把握好( )的原则。,A、 坚持基本经济制度||B、 坚持循序渐进||C、 鼓励勤劳创新致富||D、 量力而行||E、 整齐划一,ABCD
第四章 习题-副本,多选题,15 坚持以人民为中心的发展思想，就要在高质量发展中促进共同富裕，做到( ),A、 发展依靠人民||B、 发展成果由人民共享||C、 发展为了人民||D、 发展幸福人民,ABC
第四章 习题-副本,填空题,1 把人民对美好生活的向往作为奋斗目标，从根本上回答了“____”的问题。这是一个根本问题。党的全部奋斗史，就是一部为了人民、依靠人民的历史。,,为了谁
第四章 习题-副本,填空题,2 ____，____，是中国共产党人的初心和使命。,,为中国人民谋幸福 为中华民族谋复兴
第四章 习题-副本,填空题,3 ____是我们党始终坚持的根本工作方法 。,,群众路线
第四章 习题-副本,填空题,4 ____是中国共产党的根本政治立场，是马克思主义政党区别于其他政党的显著标志。,,人民立场
第四章 习题-副本,填空题,5 人民对美好生活的向往就是中国共产党的____。,,奋斗目标
第四章 习题-副本,判断题,1 在中国共产党领导的社会主义中国，党性和人民性是一致的、统一的。,,对
第四章 习题-副本,判断题,2 “水能载舟、亦能覆舟”赢得人民信任、得到人民支持，党就能够克服任何困难。反之，我们将一事无成，甚至走向衰败。,,对
第四章 习题-副本,判断题,3 组织路线始终是党的生命线和根本工作路线，是我们党永葆青春活力和战斗力的重要传家宝。,,错
第四章 习题-副本,判断题,4 人民是历史的创造者，是决定党和国家前途命运的根本力量。,,对
第四章 习题-副本,判断题,5 我们要实现14亿人共同富裕，必须脚踏实地、久久为功，不是所有人都同时富裕，也不是所有地区同时达到一个富裕水准，不可能齐头并进。,,对
第四章 习题-副本,判断题,6 中国共产党根基在人民、血脉在人民、力量在人民。人民是我们党的生命之根、执政之基、力量之源。,,对
第一章习题-副本,单选题,1 ()是当代中国发展进步的根本制度保障，具有明显制度优势。,A、 中国特色社会主义经济制度||B、 中国特色社会主义道路||C、 中国特色社会主义制度||D、 中国特色社会主义理论体系,C
第一章习题-副本,单选题,2 ( )宣布，中国特色社会主义进入了新时代，这是我国发展新的历史方位。,A、 党的十九大||B、 党的十八大||C、 党的二十大||D、 党的十七大,A
第一章习题-副本,单选题,3 习近平总书记在十九大报告中指出，中国特色社会主义进入新时代，我国社会主要矛盾( )。,A、 是人民日益增长的物质文化需要同落后的社会生产之间的矛盾。||B、 已经转化为人民日益增长的美好生活需要和不平衡不充分的发展之间的矛盾||C、 官僚资本同民族资本之间的矛盾||D、 仍然是无产阶级同资产阶级之间的矛盾,B
第一章习题-副本,单选题,4 ( )是坚持和发展中国特色社会主义的行动指南。,A、 党的基本方略||B、 党的基本理论||C、 党的基本路线||D、 党的基本政策,B
第一章习题-副本,单选题,5 中国特色社会主义道路是( )。,A、 实现途径||B、 精神力量，||C、 行动指南||D、 根本保障,A
第一章习题-副本,单选题,6 中国共产党为什么能，中国特色社会主义为什么好，归根到底是()。,A、 中国特色社会主义好||B、 中国共产党能||C、 马克思主义行，是中国化时代化的马克思主义行||D、 靠坚持四项基本原则，不犯错误,C
第一章习题-副本,多选题,1 中国特色社会主义新时代，( )。,A、 是全国各族人民团结奋斗、不断创造美好生活、逐步实现全体人民共同富裕的时代.||B、 全体中华儿女勠力同心、奋力实现中华民族伟大复兴中国梦的时代。||C、 是决胜全面建成小康社会、进而全面建设社会主义现代化强国的时代。||D、 是承前启后、继往开来，在新的历史条件下继续夺取中国特色社会主义伟大胜利的时代。,ABCD
第一章习题-副本,多选题,2 中国特色社会主义进入了新时代的判断，是( )。,A、 基于我国面临新的国际环境。||B、 基于社会主要矛盾发生新变化||C、 基于党的新的奋斗目标||D、 基于我国发展进入新阶段的伟大成就,ABCD
第一章习题-副本,多选题,3 改革开放以来，我们取得一切成绩和进步的根本原因，就是( ).,A、 确立了中国特色社会主义制度||B、 开辟了中国特色社会主义道路||C、 发展了中国特色社会主义文化。||D、 建设社会主义生态文明||E、 形成了中国特色社会主义理论体系,ABCE
第一章习题-副本,多选题,4 中国特色社会主义文化，()。,A、 是激励全党全国各族人民奋勇前进的强大精神力量||B、 它源自于5000多年文明历史的中华优秀传统文化||C、 植根于中国特色社会主义伟大实践||D、 熔铸于党领导人民在革命、建设、改革中创造的革命文化和社会主义先进文化,ABCD
第一章习题-副本,多选题,5 中国特色社会主义是( )。,A、 在中国共产党领导人民进行伟大社会革命100多年的实践中得来的 C.在近代以来中华民族由衰到盛180多年的历史进程中得来的||B、 在新中国成立70多年的持续探索中得来的||C、 在世界社会主义500多年波澜壮阔的发展历程中得来的||D、 在改革开放40多年的伟大实践中得来的||E、 在对中华文明5000多年的传承发展中得来的。,ABCDE
第一章习题-副本,多选题,"6 党的十九大概括中国特色社会主义进入新时代的重大意义,这就是:",A、 意味着中国特色社会主义道路、理论、制度、文化不断发展，拓展了发展中国家实现现代化的途径||B、 意味着科学社会主义在中国焕发出强大生机活力，在世界上高高举起了中国特色社会主义伟大旗帜||C、 意味着中国即将建成社会主义现代化强国，全体人民过上共同富裕的生活。||D、 意味着中华民族迎来了从站起来、富起来到强起来的伟大飞跃，迎来了中华民族伟大复兴的光明前景。,ABD
第一章习题-副本,多选题,7 中国特色社会主义制度的根本制度有( )。,A、 基层群众自治制度||B、 人民代表大会制度||C、 党的领导制度||D、 马克思主义指导制度,BCD
第一章习题-副本,多选题,8 我国社会主要矛盾的变化( )。,A、 我国仍处于并将长期处于社会主义初级阶段的基本国情没有变||B、 以上都正确||C、 我国是世界最大发展中国家的国际地位没有变||D、 没有改变我们对我国社会主义所处历史阶段的判断,ABCD
第一章习题-副本,多选题,"9 中国特色社会主义坚持科学社会主义基本原则，并赋予其鲜明的中国特色,包括( )。",A、 坚持按劳分配为主体多种分配方式并存||B、 中国共产党领导的多党合作和政治协商制度||C、 坚持公有制为主体多种所有制经济共同发展||D、 坚持社会主义市场经济体制||E、 坚持人民代表大会制度的根本政治制度,ABCDE
第一章习题-副本,多选题,10 中国特色社会主义制度，()。,A、 坚持把国家层面民主制度同基层民主制度有机结合起来||B、 既坚持了社会主义的根本性质，又借鉴了古今中外制度建设的有益成果。||C、 坚持把党的领导、人民当家作主、依法治国有机结合起来||D、 坚持把根本制度、基本制度、重要制度以及各方面体制机制等具体制度有机结合起来,ABCD
第一章习题-副本,填空题,1 中国特色社会主义是____和____的选择,,历史 人民
第一章习题-副本,填空题,2 “四个全面”战略布局是____、全面依法治国、全面建成小康社会、全面从严治党。,,全面深化改革
第一章习题-副本,填空题,3 中国特色社会主义制度包括____、基本制度、重要制度以及各方面体制机制。,,根本制度
第一章习题-副本,填空题,4 中国特色社会主义取得举世瞩目的伟大成就，靠的就是____、英勇斗争。,,敢于担当
第一章习题-副本,填空题,5 党的基本路线是国家的____、人民的____。,,生命线 幸福线
第一章习题-副本,判断题,1 中国特色社会主义具有深厚的历史渊源和广泛的现实基础，是实现中华民族伟大复兴的正确道路。,,对
第一章习题-副本,判断题,2 中国特色社会主义，既坚持了科学社会主义基本原则，又根据时代条件赋予其鲜明的中国特色。这就是说，中国特色社会主义是社会主义，不是别的什么主义。,,对
第一章习题-副本,判断题,3 中国特色社会主义道路是实现途径，理论体系是行动指南，制度是根本保障，文化是精神力量，四者统一于中国特色社会主义伟大实践。,,对
第一章习题-副本,判断题,4 中国特色社会主义写出了科学社会主义的“新版本”。中国特色社会主义不是简单延续我国历史文化的母版，不是简单套用马克思主义经典作家设想的模板，不是其他国家社会主义实践的再版，也不是国外现代化发展的翻版。,,对
第一章习题-副本,判断题,5 坚持和发展中国特色社会主义是一篇大文章，毛泽东同志为它确定了基本思路和基本原则。,,错
第十六章-副本,单选题,1 坚持以( )为原则推动“一带一路”建设。,A、 平等协商||B、 共商共建||C、 互利共赢||D、 共商共建共享,D
第十六章-副本,单选题,2 坚持以( )为宗旨推动构建人类命运共同体。,A、 维护世界和平、促进共同发展||B、 以共商共建共享||C、 维护党中央权威||D、 中华民族伟大复兴,A
第十六章-副本,单选题,3 构建人类命运共同体思想，核心是“建设持久和平、普遍安全、共同繁荣、( )的世界”。,A、 合作共赢、清洁美丽||B、 合作共赢、持续发展||C、 开放包容、合作共赢||D、 开放包容、清洁美丽,D
第十六章-副本,单选题,4 新型国际关系“新”在( )。,A、 人类文明||B、 开放包容||C、 合作共赢||D、 经济发展,C
第十六章-副本,单选题,5 坚持以( )为底线维护国家主权、安全、发展利益,A、 和平发展||B、 国家核心利益||C、 互惠互利||D、 国土完整,B
第十六章-副本,单选题,6 ( )是构建人类命运共同体的重要思想基础，凝聚了人类不同文明的价值共识。,A、 世界一体化建设||B、 全球经济发展||C、 全人类共同价值||D、 人类理想追求,C
第十六章-副本,单选题,7 ( )，是全人类的共同价值，也是联合国的崇高目标。目标远未完成，我们仍须努力。,A、 和平、发展、公平、正义、民主、自由||B、 经济、安全、公平、正义、合作、共赢||C、 和平、发展、合作、开放、民主、自由||D、 经济、发展、合作、包容、民主、共赢,A
第十六章-副本,单选题,8 坚持以( )为依托打造全球伙伴关系。,A、 深化外交布局||B、 共商共建共享||C、 维护世界和平、促进共同发展||D、 维护党中央权威,A
第十六章-副本,多选题,1 运筹好大国关系，推动构建总体稳定、均衡发展的大国关系框架至关重要。大国之间相处，要( )。,A、 相互尊重||B、 合作共赢||C、 不对抗||D、 不冲突,ABCD
第十六章-副本,多选题,2 和平与发展仍然是当今时代主题，( )成为不可阻挡的时代潮流。,A、 共赢||B、 发展||C、 和平||D、 合作,ABCD
第十六章-副本,多选题,3 对构建人类命运共同体是世界各国人民前途所在的正确理解是( )。,A、 各国相互联系更紧密，和平、发展、合作、共赢的历史潮流不可阻挡||B、 构建人类命运共同体是我们党审视当今世界发展趋势、针对当今世界面临的重大问题提出的重要理念||C、 构建人类命运共同体理念为人类社会实现共同发展绘制了蓝图，具有重大而深远的意义||D、 全球发展深层次矛盾突出，恃强凌弱、零和博弈等霸凌行径危害深重||E、 和平赤字、发展赤字、安全赤字、治理赤字加重,ABCDE
第十六章-副本,多选题,4 对推进全球治理体系改革和建设的正确理解是( )。,A、 要秉持共商共建共享的全球治理观||B、 要奉行双赢、多赢、共赢的新理念，摒弃冷战思维、零和博弈的旧理念||C、 这是构建人类命运共同体的内在要求||D、 坚持真正的多边主义，反对搞意识形态划线||E、 要推动全球治理体系朝着更加公正合理的方向发展,ABCDE
第十六章-副本,多选题,5 对共建“一带一路”的正确理解是( )。,A、 “一带一路”倡议根植历史、更面向未来，源于中国、更属于世界||B、 共建“一带一路”追求的是发展，崇尚的是共赢，传递的是希望||C、 共建“一带一路”不以意识形态划界，是各方共同打造的国际公共产品||D、 共建“一带一路”是造福沿线各国人民的大事业||E、 共建“一带一路”是推动构建人类命运共同体的实践平台,ABCDE
第十六章-副本,多选题,6 中国特色大国外交要坚持的原则要求是( )。,A、 坚持以相互尊重、合作共赢为基础，走和平发展道路||B、 坚持以中国特色社会主义为根本，增强战略自信||C、 坚持以公平正义为理念引领全球治理体系改革||D、 坚持以国家核心利益为底线维护国家主权、安全、发展利益||E、 坚持和加强党对对外工作的集中统一领导,ABCDE
第十六章-副本,多选题,"7 坚持真正的多边主义，完善全球治理体系,要( )。",A、 推动共同发展，维护世界和平稳定||B、 反对搞针对特定国家的阵营化和排他性小圈子||C、 坚持协商合作，不搞冲突对抗||D、 反对一切形式的单边主义、脱钩、断供等错误做法||E、 坚持以联合国宪章宗旨和原则为基础的国际关系基本准则，反对搞 意识形态划线,ABCDE
第十六章-副本,多选题,8 我国走和平发展道路，是( )。,A、 基于中国历史文化传统作出的必然选择||B、 中国人民对实现自身发展目标的自信和自觉||C、 对国际社会关注中国发展走向的回应||D、 符合历史潮流、顺应世界大势的正确选择||E、 由中国共产党性质宗旨和我国社会主义制度决定的,ABCDE
第十六章-副本,多选题,9 积极推动中美关系稳定发展，同俄罗斯发展全面战略协作伙伴关系，同欧洲发展( )伙伴关系。,A、 文明||B、 和平||C、 改革||D、 增长,ABCD
第十六章-副本,多选题,10 新型国际关系的内容是( )。,A、 合作共赢||B、 和平共处||C、 相互尊重||D、 公平正义,ACD
第十六章-副本,多选题,11 中国走和平发展道路的自信和自觉( )。,A、 来源于中华文明的深厚渊源||B、 来源于对现实中国发展目标条件的认知||C、 来源于和平发展的大局||D、 来源于对世界发展大势的把握,ABD
第十六章-副本,多选题,12 中国特色大国外交的独特风范表现在( )。,"A、 倡导不同社会制度和发展道路相互包容||B、 倡导不同国家、不同民族、不同文明互学互鉴||C、 坚持马克思主义立场观点方法,从中华优秀传统文化中汲取智慧||D、 坚持爱国主义同国际主义相结合||E、 坚持诚信为本，始终恪守政治承诺",ABCDE
第十六章-副本,多选题,13 坚持以( )为基础走和平发展道路。,A、 人文交流||B、 合作共赢||C、 不冲突不对抗||D、 相互尊重,BD
第十六章-副本,多选题,14 当今世界正经历百年未有之大变局，具体表现在()。,A、 世界面临的不稳定性不确定性突出，全球性问题加剧||B、 国际体系和国际秩序深度调整||C、 新一轮科技革命和产业变革深入发展||D、 世界多极化、经济全球化、社会信息化、文化多样化深入发展||E、 国际力量对比深刻变化,ABCDE
第十六章-副本,多选题,15 我国独立自主的和平外交政策的内容包括( )。,A、 反对冷战思维，反对干涉别国内政，反对搞双重标准||B、 中国始终根据事情本身的是非曲直决定自己的立场和政策||C、 坚决反对一切形式的範权主义和强权政治||D、 中国尊重各国主权和领土完整，尊重各国人民选择的发展道路和社会制度||E、 奉行防御性的国防政策，中国永远不称霸、永远不搞扩张,ABCDE
第十六章-副本,填空题,1 中国特色大国外交牢牢把握服务____、促进____这条主线。,,民族复兴 人类进步
第十六章-副本,填空题,2 习近平外交思想坚持以____为使命，推进中国特色大国外交;坚持以____、促进共同发展为宗旨，推动构建人类命运共同体。,,实现中华民族伟大复兴 维护世界和平
第十六章-副本,填空题,3 2015年9月，习近平在出席第七十届联合国大会一般性辩论时明确指出:“____、发展、公平、正义、民主、____，是全人类的共同价值，也是联合国的崇高目标。”,,和平 自由
第十六章-副本,填空题,4 推动____，是当代中国共产党人回答和解决关乎人类前途命运的时代之问的中国方案，也是新时代对外工作的总目标。,,构建人类命运共同体
第十六章-副本,填空题,5 共建“____”是对中国与世界实现开放共赢路径的顶层设计，是推动构建人类命运共同体的实践平台。,,一带一路
第十六章-副本,判断题,1 中国外交秉持真实亲诚理念和正确义利观，加强同周边国家的团结合作。( ),,错
第十六章-副本,判断题,2 中国外交秉持求同存异、相互尊重、互学互鉴理念，构建新型政党关系。,,对
第十六章-副本,判断题,3 全人类共同价值与西方所谓的“普世价值”是两个不同的概念，两者存在根本区别。前者反映了全人类的共同利益，体现了不同文明的价值共识，后者仅代表部分西方国家的利益，依靠霸权强行输出。世界上不存在高人一等的“自由民主”，不存在唯我独尊的“普世价值”。 ( ),,对
第十六章-副本,判断题,4 中国外交秉持亲诚惠容的周边外交理念，着力深化互利共嬴格局，找准同周边国家互利合作的战略契合点，构建区域经济一体化新格局。( ),,对
第十章 建设社会主义文化强国-副本,单选题,1 构建中国特色哲学社会科学，是掌握意识形态工作领导权的内在要求，首要的是( )。,A、 在学科体系、学术体系等方面体现中国特色、中国风格、中国气派||B、 建设中国特色新型智库||C、 旗帜鲜明坚持以马克思主义为指导，深化马克思主义理论研究和建设||D、 拒绝一切来自西方哲学社会科学的影响,C
第十章 建设社会主义文化强国-副本,单选题,2 建设社会主义文化强国、推动社会主义文化繁荣兴盛，关键在于()。,A、 提高综合国力||B、 贯彻新发展理念||C、 高质量发展||D、 坚定中国特色社会主义文化自信,D
第十章 建设社会主义文化强国-副本,单选题,3 下列观点和认识中，错误的是 ( )。,A、 文化是一种跨越国界、跨越民族、跨越时空的普适性精神力量，因此，要积极融入世界文化，完全没有必要坚守中华文化立场、走中国特色社会主义文化发展道路||B、 文化强国既表现为具有高度文化素养的国民，也表现为发达的文化产业，还表现为强大的文化软实力||C、 当今时代，文化在综合国力竞争中的地位日益重要，谁占据了文化发展的制高点，谁就能够更好地在激烈的国际竞争中掌握主动权||D、 文化自信是一个国家、一个民族发展中更基本、更深沉、更持久的力量。坚定文化自信，事关文化安全，事关民族精神的独立性,A
第十章 建设社会主义文化强国-副本,单选题,4 一个国家、一个民族的强盛，总是以文化兴盛为支撑的，中华民族伟大复兴需要以( )发展繁荣为条件。,A、 社会主义经济||B、 社会主义制度||C、 中华文化||D、 社会主义文化,C
第十章 建设社会主义文化强国-副本,单选题,5 ( )是中华文明的智慧结晶和精华所在，是中华民族的根和魂，是我们在世界文化激荡中站稳脚跟的根基。,A、 革命文化号||B、 中华优秀传统文化||C、 社会主义先进文化||D、 中国特色社会主义文化,B
第十章 建设社会主义文化强国-副本,单选题,6 ( )是担负文化使命、实现中华民族伟大复兴的根本保证。,A、 科学的民族的大众的文化||B、 文化自信||C、 文化发展繁荣||D、 党的领导,D
第十章 建设社会主义文化强国-副本,单选题,7 ( )提出社会主义核心价值观。,A、 党的十八大||B、 党的十七大||C、 党的二十大||D、 党的十九大,A
第十章 建设社会主义文化强国-副本,单选题,8 ( )是更基础、更广泛、更深厚的自信，是一个国家、一个民族发展中最基本、最深沉、最持久的力量。,A、 文化软实力||B、 文化自信||C、 中国特色社会主义文化||D、 文化自觉,B
第十章 建设社会主义文化强国-副本,单选题,9 培育和践行社会主义核心价值观，要把( )融入社会生活各个方面。,A、 理想信念、价值理念、道德观念||B、 社会主义核心价值体系||C、 社会主义核心价值观||D、 中华优秀传统文化,C
第十章 建设社会主义文化强国-副本,单选题,10 ( )是当代中国文化发展的灵魂。,A、 马克思主义||B、 中国特色社会主义||C、 社会主义||D、 中华优秀传统文化,A
第十章 建设社会主义文化强国-副本,单选题,11 建设社会主义文化强国，必须培养高度的( )。,A、 文化创造活力||B、 文化软实力||C、 文化自信||D、 文化自觉,C
第十章 建设社会主义文化强国-副本,单选题,12 ( )是一个民族赖以维系的精神纽带，是一个国家共同的思想道德基础。,A、 社会主义核心价值观||B、 社会主义核心价值体系||C、 理想信念||D、 核心价值观,D
第十章 建设社会主义文化强国-副本,单选题,13 建设中国特色社会主义文化，必须牢牢掌握( ).,A、 中国特色社会主义科学体系的构建||B、 网络空间的治理和引导||C、 马克思主义的科学理论||D、 意识形态工作领导权,D
第十章 建设社会主义文化强国-副本,多选题,1 坚定中国特色社会主义文化自信的底气来自( )。,A、 世界各国文明的交流互鉴||B、 中国特色社会主义的伟大实践。这是我们坚定文化自信的不竭源泉||C、 马克思主义指导下形成的革命文化和社会主义先进文化。这是我们坚定文化自信的根本所在||D、 中华优秀传统文化，这是我们坚定文化自信的深厚基础,BCD
第十章 建设社会主义文化强国-副本,多选题,2 坚持中国特色社会主义文化建设的“二为”方向，“二为”是()。,A、 为中国共产党治国理政服务||B、 为建设社会主义现代化国家||C、 为社会主义服务||D、 为人民服务,CD
第十章 建设社会主义文化强国-副本,多选题,3 文化繁荣兴盛是( )。,A、 满足人民日益增长的美好生活需要的内在要求||B、 在世界文化激荡中站稳脚跟的基础||C、 建设社会主义现代化强国的应有之义||D、 实现中华民族伟大复兴的必然要求,ABCD
第十章 建设社会主义文化强国-副本,多选题,4 中国共产党人精神谱系( )。,A、 已经深深融入党、国家、民族、人民的血脉和灵魂||B、 集中体现了党的坚定信念、根本宗旨、优良作风||C、 成为民族精神和时代精神的重要组成部分。||D、 凝聚着中国共产党人艰苦奋斗、牺牲奉献、开拓进取的伟大品格,ABCD
第十章 建设社会主义文化强国-副本,多选题,5 对“意识形态工作是为国家立心、为民族立魂的工作”的理解是()。,A、 坚持以什么思想理论为指导，关系国家的方向，关系民族的命脉||B、 意识形态工作事关党的前途命运和国家长治久安||C、 意识形态上不安全，必然导致政治上的不安全||D、 对马克思主义的信仰和社会主义道路，是中国特色社会主义文化活的灵魂||E、 坚持马克思主义在意识形态领域指导地位的制度是坚持和巩固我国社会主义制度、保证我国文化建设正确方向的必然要求,ABCDE
第十章 建设社会主义文化强国-副本,多选题,6 坚持举旗帜、聚民心、育新人、兴文化、展形象。举旗帜，就是要()。,A、 高举马克思主义的旗帜||B、 坚持不懈用习近平新时代中国特色社会主义思想武装全党、教育人民||C、 高举中国特色社会主义的旗帜||D、 高举无产阶级专政的旗帜,ABC
第十章 建设社会主义文化强国-副本,多选题,7 建设社会主义文化强国，必须做到( ),A、 提升公共文化服务水平||B、 健全现代文化产业体系||C、 提高国家文化软实力||D、 培养高度的文化自信,ABCD
第十章 建设社会主义文化强国-副本,多选题,8 意识形态工作( )。,A、 是党的一项极端重要的工作||B、 事关党的前途命运和国家长治久安||C、 事关民族凝聚力和向心力||D、 是为国家立心、为民族立魂的工作,ABCD
第十章 建设社会主义文化强国-副本,多选题,9 对待中华优秀传统文化的态度是( )。,A、 要反对复古主义，也要反对历史虚无主义||B、 要坚持创新性发展，就是对中华优秀传统文化的内涵加以补充、拓展、完善，增强其影响力和感召力||C、 要坚持马克思主义的立场观点方法，坚持古为今用、推陈出新，有鉴别地加以对待，有扬弃地予以继承||D、 要坚持创造性转化，对那些仍有借鉴价值的内涵和陈旧的表现形式加以改造，赋予其新的时代内涵,ABCD
第十章 建设社会主义文化强国-副本,多选题,"10 提高全社会文明程度,( )。",A、 是建设社会主义文化强国的重大任务||B、 实施公民道德建设工程||C、 是全面建设社会主义现代化国家的重要目标||D、 培育时代新风新貌||E、 要把理想信念教育作为基础性工程,ABCDE
第十章 建设社会主义文化强国-副本,多选题,11 一个国家的文化软实力，从根本上说，取决于其核心价值观的( )。,A、 凝聚力||B、 生命力||C、 感召力||D、 影响力,ABC
第十章 建设社会主义文化强国-副本,多选题,12 提高国家文化软实力，就必须( )。,A、 加强国际传播能力建设||B、 使当代中国价值观念走向世界。||C、 加快构建中国话语和中国叙事体系||D、 要客观真实向世界讲好中国故事||E、 全面阐述我国的发展观、文明观、全球治理观,ABCDE
第十章 建设社会主义文化强国-副本,多选题,"13 100多年前，中国共产党的先驱们创建了中国共产党,形成了( )的伟大建党精神。",A、 不怕牺牲、英勇斗争||B、 践行初心、担当使命||C、 坚持真理、坚守理想||D、 对党忠诚、不负人民,ABCD
第十章 建设社会主义文化强国-副本,多选题,14 必须坚持中国特色社会主义文化发展道路，增强文化自信，必须( )。,A、 以马克思主义为指导，坚守中华文化立场||B、 发展面向现代化、面向世界、面向未来的，民族的科学的大众的社会主义文化||C、 围绕举旗帜、聚民心、育新人、兴文化、展形象建设社会主义文化强国||D、 激发全民族文化创新创造活力，增强实现中华民族伟大复兴的精神力量,ABCD
第十章 建设社会主义文化强国-副本,多选题,15 像爱惜自己的生命一样保护好文化遗产，守护好中华文脉。因为()。,A、 文化遗产承载灿烂文明||B、 加强社会主义精神文明建设的深厚滋养||C、 维系民族精神||D、 传承历史文化,ABCD
第十章 建设社会主义文化强国-副本,多选题,16 社会主义核心价值观涉及国家、社会、公民三个层面的价值要求，具体表达为( ),A、 富强、民主、文明、和谐||B、 爱国、敬业、诚信、友善||C、 自由、民族、公正、法治||D、 自由、平等、公正、法治,ABD
第十章 建设社会主义文化强国-副本,填空题,1 ____是一个国家、一个民族的灵魂。,,文化
第十章 建设社会主义文化强国-副本,填空题,2 ____是我们立党立国、兴党兴国的根本指导思想。,,马克思主义
第十章 建设社会主义文化强国-副本,填空题,3 ____是意识形态工作的主阵地、主战场、最前沿.,,互联网
第十章 建设社会主义文化强国-副本,填空题,4 ____是更基础、更广泛、更深厚的自信，是一个国家、一个民族发展中最基本、最深沉、最持久的力量。,,文化自信
第十章 建设社会主义文化强国-副本,填空题,5 ____是推动社会主义文化繁荣兴盛的唯一正确道路。,,中国特色社会主义文化发展道路
第十章 建设社会主义文化强国-副本,填空题,6 习近平强调:“意识形态工作是为国家____、为民族____的工作。”,,立心 立魂
第十章 建设社会主义文化强国-副本,填空题,7 中华文明的突出特性连续性、____、____、包容性、和平性。,,创新性 统一性
第十章 建设社会主义文化强国-副本,填空题,8 ____，____，是繁荣发展社会主义文化的重要方针。,,百花齐放 百家争鸣
第十章 建设社会主义文化强国-副本,判断题,1 中华文明形成了中国人看待世界、看待社会、看待人生的独特价值体系、文化内涵和精神品质，铸就了中华民族博采众长的文化自信。( ),,对
第十章 建设社会主义文化强国-副本,判断题,2 一个国家、一个民族的强盛，总是以文化兴盛为支撑的。( ),,对
第十章 建设社会主义文化强国-副本,判断题,3 一个政权的瓦解往往是从思想领域开始的，政治动荡、政权更迭可能在一夜之间发生，思想演化也是转瞬即变。( ),,错
导论 练习题-副本,单选题,1 中国特色社会主义的总体布局是( )。,A、 “三位一体||B、 “六位一体”||C、 “五位一体||D、 “四位一体”,C
导论 练习题-副本,单选题,2 ( )是改革开放以来我们党全部理论和实践的鲜明主题。,A、 贯彻新发展理念||B、 改革开放||C、 坚持和发展中国特色社会主义||D、 以经济建设为中心,C
导论 练习题-副本,单选题,3 党的二十大提出了( )。,A、 “十三个方面成就”||B、 “十四个坚持”||C、 “十个明确”||D、 “六个必须坚持”,D
导论 练习题-副本,单选题,4 习近平新时代中国特色社会主义思想内容十分丰富，涵盖改革发展稳定、内政外交国防、治党治国治军等各个领域、各个方面，构成了一个系统完整、逻辑严密、相互贯通的思想理论体系。下面是指导思想层面的表述的是( 。,A、 “四个伟大”||B、 “十四个坚持”||C、 “十个明确”||D、 “六个必须坚持“||E、 “四个全面“,C
导论 练习题-副本,单选题,5 中国特色社会主义的战略布局是(,A、 “十四个坚持”||B、 “十个明确||C、 “四个全面||D、 “五位一体”,C
导论 练习题-副本,单选题,6 全面深化改革的总目标是( )。,A、 建设中国特色社会主义法治体系、建设社会主义法治国家||B、 坚持和发展中国特色社会主义||C、 完善和发展中国特色社会主义制度、推进国家治理体系和治理能力现代化||D、 坚定道路自信、理论自信、制度自信、文化自信,C
导论 练习题-副本,单选题,7 ( )通过了关于《中国共产党章程(修正案)》的决议，把习近平新时代中国特色社会主义思想写入党章。,A、 党的十七大||B、 党的十九大||C、 党的二十大||D、 党的十八大,B
导论 练习题-副本,单选题,8 坚持和发展中国特色社会主义，总任务是( )。,A、 实现社会主义现代化和中华民族伟大复兴，在全面建成小康社会的基础上，分两步走在本世纪中叶建成富强民主文明和谐美丽的社会主义现代化强国||B、 建设一支听党指挥、能打胜仗、作风优良的人民军队，把人民军队建设成为世界一流军队||C、 建设中国特色社会主义法治体系、建设社会主义法治国家||D、 完善和发展中国特色社会主义制度、推进国家治理体系和治理能力现代化,A
导论 练习题-副本,单选题,9 中国特色社会主义最本质的特征是( )。.,A、 社会主义现代化||B、 人民当家作主||C、 中国共产党领导||D、 人民共同富裕,C
导论 练习题-副本,单选题,10 世界未有之大变局正在加速演变。( )仍然是时代主题，但是不稳定不确定性更加突出。,A、 和平与融合||B、 发展与共享||C、 和平与发展||D、 开放与包容,C
导论 练习题-副本,多选题,1 习近平总书记为习近平新时代中国特色社会主义思想的创立发挥了决定性作用，( )。,A、 艰苦磨练和扎实的从政历练，为这一思想积累了充分的实践养分||B、 丰富的文化积淀和良好的哲学素养，为这一思想奠定了深厚的理论底蕴||C、 坚定的政治信仰和朴素的人民情怀，为这一思想注入了强大精神基因||D、 非凡的政治胆略和高超的政治智慧，为这一思想开辟了宽阔视野,ABCD
导论 练习题-副本,多选题,2 习近平新时代中国特色社会主义思想创立的时代背景是()。,A、 中国成为世界领导角色||B、 世界百年未有之大变局加速演进||C、 新时代中国正处于中华民族伟大复兴的关键时期||D、 我国经济高速度发展,BC
导论 练习题-副本,多选题,3 坚持把马克思主义基本原理同( )相结合，用马克思主义观察时代、把握时代、引领时代，继续发展当代中国马克思主义、21世纪马克思主义。,A、 民族特色||B、 中国精神||C、 中国具体实际相结合||D、 中华优秀传统文化,CD
导论 练习题-副本,多选题,4 中国特色社会主义事业总体布局是“五位一体”、战略布局是“四个全面”，强调坚定( )。,A、 文化自信||B、 理论自信||C、 制度自信||D、 道路自信,ABCD
导论 练习题-副本,多选题,5 建设一支( )，的人民军队，是实现“两个一百年”奋斗目标、实现中华民族伟大复兴的战略支撑。,A、 作风优良||B、 能打胜仗||C、 全心全意为人民服务||D、 听党指挥,ABD
导论 练习题-副本,多选题,6 “十四个坚持”的基本方略，( )。,A、 涵盖坚持党的领导和“五位一体”总体布局、“四个全面”战略布局||B、 是对党的治国理政重大方针政策的最新概括||C、 涵盖国防和军队建设、维护国家安全、对外战略||D、 是实现“两个一百年”奋斗目标、实现中华民族伟大复兴中国梦的“路线图”和“方法论”。,ABCD
导论 练习题-副本,多选题,7 新时代中国正处于中华民族伟大复兴的关键时期，因为( )。,A、 中国式现代化全面推进拓展||B、 改革面临着许多前所未有的困难和挑战，处于攻坚克难的关键时期||C、 新时代的中国发生新的历史性变革||D、 我国发展站在了新的历史起点上,ABCD
导论 练习题-副本,多选题,8 习近平新时代中国特色社会主义思想是当代中国马克思主义、二十一世纪马克思主义，是( )的时代精华，实现了马克思主义中国化新的飞跃。,A、 中华文化||B、 中华品格||C、 中国力量||D、 中国精神,AD
导论 练习题-副本,多选题,9 习近平新时代中国特色社会主义思想回答了( )重大时代课题。,A、 建设什么样的长期执政的马克思主义政党、怎样建设长期执政的马克思主义政党||B、 建设什么美好的世界。怎样建设美好世界||C、 建设什么样的社会主义现代化强国、怎样建设社会主义现代化强国||D、 新时代坚持和发展什么样的中国特色社会主义、怎样坚持和发展中国特色社会主义,ACD
导论 练习题-副本,多选题,10 发展是解决我国一切问题的基础和关键，发展必须是科学发展，必须坚定不移贯彻创新( )的发展理念。,A、 开放||B、 共享||C、 协调||D、 绿色,ABCD
导论 练习题-副本,多选题,11 习近平新时代中国特色社会主义思想的主要内容包括( )。,A、 “十个明确”||B、 “十四个坚持”||C、 “六个必须坚持”||D、 “十三个方面成就”,ABCD
导论 练习题-副本,多选题,12 “两个确立”形成的依据是( )。,A、 “两个确立”是党的历史经验的总结运用||B、 “两个确立”是中国共产党基于唯物史观两个基本原理所作出的必然选择||C、 “两个确立”是战胜外部环境变化出现许多新的风险挑战、解决国内许多深层次矛盾和问题的需要||D、 “两个确立”是新时代十年实践形成的智慧结晶,ABCD
导论 练习题-副本,填空题,1 中国特色社会主义制度的最大优势是____。,,中国共产党领导
导论 练习题-副本,填空题,2 全面推进依法治国的总目标，是____，建设社会主义法治国家。,,建设中国特色社会主义法治体系
导论 练习题-副本,填空题,3 ____是马克思主义中国化的最新成果，是中国特色社会主义理论体系的重要组成部分。,,习近平新时代中国特色社会主义思想
导论 练习题-副本,填空题,4 ____是最高政治领导力量。,,中国共产党领导
导论 练习题-副本,填空题,5 全面深化改革总目标是____、推进国家治理体系和治理能力现代化。,,完善和发展中国特色社会主义制度
导论 练习题-副本,填空题,6 必须坚持和完善社会主义基本经济制度，使市场在资源配置中起____作用，更好发挥政府作用。,,决定性
导论 练习题-副本,填空题,7 习近平在强调坚持“第一个结合”的基础上，明确提出把____相结合的重大命题。,,马克思主义基本原理同中华优秀传统文化
导论 练习题-副本,填空题,8 “两个确立”是确立习近平同志党中央的核心、全党的核心地位，确立____。,,习近平新时代中国特色社会主义思想的指导地位
导论 练习题-副本,填空题,9 习近平新时代中国特色社会主义思想回答了新时代____、建设什么样的社会主义现代化强国怎样建设社会主义现代化强国、建设什么样的长期执政的马克思主义政党怎样建设长期执政的马克思主义政党的重大时代课题。,,坚持和发展什么样的中国特色社会主义怎样坚持和发展中国特色社会主义
导论 练习题-副本,判断题,1 习近平新时代中国特色社会主义思想是马克思主义中国化的第一次历史性飞跃。( ),,错
导论 练习题-副本,判断题,2 我们党的历史，就是一部不断推进马克思主义中国化的历史，就是一部不断推进理论创新、进行理论创造的历史。( ),,对
导论 练习题-副本,判断题,3 三个重大时代课题，是站在新时代历史节点上向中国共产党人提出的“时代三问”。( ),,对
导论 练习题-副本,判断题,4 习近平新时代中国特色社会主义思想是在把握世界发展大势、应对全球共同挑战、维护人类共同利益的过程中创立并不断丰富发展的。( ),,对
导论 练习题-副本,判断题,5 “三个代表”重要思想是当代中国马克思主义、二十一世纪马克思主义，是中华文化和中国精神的时代精华，实现了马克思主义中国化时代化新的飞跃。( ),,错
导论 练习题-副本,判断题,6 世界面临百年未有之大变局给中华民族伟大复兴带来重大机遇。( ),,对
导论 练习题-副本,判断题,7 新时代新征程，中国共产党的中心任务，就是团结带领全国各族人民全面建成社会主义现代化强国、实现第一个百年奋斗目标。,,错
导论 练习题-副本,判断题,8 习近平新时代中国特色社会主义思想系统全面、逻辑严密、博大精深。( ),,对
第二章习题- 副本,单选题,1 2021年7月1日，习近平在天安门城楼上庄严宣告，经过全党全国各族人民持续奋斗，我们实现了( )。,A、 社会主义现代化国家||B、 第一个百年奋斗目标||C、 社会主义现代化强国||D、 中华民族伟大复兴,B
第二章习题- 副本,单选题,2 全面建成社会主义现代化强国的战略安排，把基本实现社会主义现代化的时间提前了( )年。,A、 25年||B、 15年||C、 35年||D、 10年,B
第二章习题- 副本,单选题,3 党的十九大提出，到( )各方面制度更加完善，国家治理体系和治理能力现代化基本实现。,A、 2030年||B、 2035年||C、 2020年||D、 2025年,B
第二章习题- 副本,单选题,4 实现中国梦必须凝聚中国力量，这就是( )。,A、 保障有力的军事力量||B、 各族人民大团结的力量||C、 中高速增长的经济力量。||D、 中国共产党的领导力量,B
第二章习题- 副本,单选题,5 一百年来，中国共产党团结带领中国人民进行的一切奋斗、一切牺牲、一切创造，归结起来就是一个主题( )。,A、 追求共同富裕||B、 实现人民对美好生活的向往||C、 建立新中国||D、 实现中华民族伟大复兴,D
第二章习题- 副本,单选题,6 实现中国梦必须走中国道路，这就是( )。,A、 社会发展之路||B、 中华民族大团结之路||C、 人民民主专政之路||D、 中国特色社会主义道路,D
第二章习题- 副本,单选题,7 ( )首次把“小康”作为经济建设总的奋斗目标。,A、 党的十七大||B、 党的十二大||C、 党的十五大||D、 党的十一届三中全会,B
第二章习题- 副本,单选题,8 中华民族伟大复兴的中国梦是( )相统一的梦。,A、 国家情怀、民族情怀、人民情怀||B、 国家情怀、家庭情怀、人民情怀||C、 民族情怀、世界情怀、人民情怀||D、 国家情怀、民族情怀、社会情怀,A
第二章习题- 副本,单选题,9 中国梦归根到底是( )，必须紧紧依靠人民来实现，必须不断为人民造福。,A、 民族的梦||B、 国家的梦||C、 世界的梦||D、 人民的梦,D
第二章习题- 副本,单选题,10 从全面建设社会主义现代化国家进程的阶段安排看来，到2035年，我国将( )。,A、 把我国建设成为富强美丽文明和谐的社会现代化强国。||B、 基本实现社会主义现代化||C、 全面建成小康社会||D、 实现中华民族伟大复兴的中国梦,B
第二章习题- 副本,单选题,11 ( )针对当时小康低水平、不全面、发展很不平衡的实际，提出全面建设小康社会目标,A、 党的十五大||B、 党的十七大||C、 党的十六大||D、 党的十四大,C
第二章习题- 副本,多选题,1 从2035年到本世纪中叶，建成社会主义现代化强国的目标要求( ),A、 我国将拥有高度的社会文明，城乡居民将普遍拥有较高的收入、富裕的生活、健全的基本公共服务||B、 我国将拥有高度的精神文明，践行社会主义核心价值观成为全社会自觉行动，国民素质显著提高，中国精神、中国价值、中国力量成为中国发展的重要影响力和推动力||C、 我国将拥有高度的政治文明，形成又有集中又有民主、又有纪律又有自由、又有统一意志又有个人心情舒畅生动活泼的政治局面，依法治国和以德治国有机结合||D、 我国将拥有高度的物质文明，社会生产力水平大幅提高，核心竞争力名列世界前茅，经济总量和市场规模超越其他国家,ABCD
第二章习题- 副本,多选题,2 我们确立了“两个一百年”奋斗目标，就是( )。,A、 到本世纪中叶建成富强民主文明和谐美丽的社会主义现代化国家，实现中华民族伟大复兴||B、 到2020年实现国内生产总值和城乡居民人均收入比2010年翻一番，全面建成小康社会||C、 到2025年，实现工业强国目标||D、 到2035年，基本建成社会主义现代化国家,AB
第二章习题- 副本,多选题,3 推进中国式现代化需要正确处理的重大关系是()。,A、 正确处理顶层设计与实践探索的关系||B、 正确处理效率与公平的关系||C、 正确处理独立自主与对外开放的关系||D、 正确处理守正与创新的关系||E、 正确处理战略与策略的关系,ABCDE
第二章习题- 副本,多选题,4 全面建成了小康社会的重大意义是( )。,A、 表明我国已经实现了由高速发展向高质量发展转变||B、 意味着中华民族实现千百年来的夙愿||C、 表明我国发展和人民生活水平跃上新的大台阶||D、 是实现中华民族伟大复兴征程中的关键一步,BCD
第二章习题- 副本,多选题,5 中国梦是( )的梦，与世界各国人民的美好梦想相通。,A、 和平||B、 发展||C、 合作||D、 共赢,ABCD
第二章习题- 副本,多选题,6 中国梦的科学内涵是( ),A、 人民幸福||B、 社会和谐||C、 民族振兴||D、 国家富强,ACD
第二章习题- 副本,多选题,7 推进中国式现代化需要牢牢把握的重大原则是()。,A、 坚持和加强党的全面领导||B、 坚持中国特色社会主义道路||C、 坚持以人民为中心的发展思想||D、 坚持深化改革开放||E、 坚持发扬斗争精神,ABCDE
第二章习题- 副本,多选题,8 中国式现代化的本质要求是( )。,A、 实现高质量发展||B、 坚持中国特色社会主义||C、 发展全过程人民民主，||D、 坚持中国共产党领导||E、 实现全体人民共同富裕,ABCDE
第二章习题- 副本,多选题,9 党的二十大指出，新时代新征程中国共产党的中心任务，就是( )。,A、 实现第二个百年奋斗目标||B、 团结带领全国各族人民全面建成社会主义现代化强国||C、 贯彻新发展理念，促进高质量发展||D、 以中国式现代化全面推进中华民族伟大复兴。,ABD
第二章习题- 副本,多选题,10 ( )，是我们党的初心和使命，是党领导现代化建设的出发点和落脚点，也是新发展理念的“根”和“魂。,A、 为人民谋幸福||B、 为民族谋幸福||C、 为民族谋复兴||D、 为人民谋复兴,AC
第二章习题- 副本,多选题,11 中国式现代化( )。,A、 借鉴吸收一切人类优秀文明成果||B、 是一种全新的人类文明形态，但不可复制。||C、 深深植根于中华优秀传统文化||D、 代表人类文明进步的发展方向||E、 体现科学社会主义的先进本质,ACDE
第二章习题- 副本,多选题,12 党的十九大报告中提出全面建设社会主义现代化国家的进程分两个阶段来安排( )。,A、 第二个阶段，从2037年到本世纪中叶在基本实现现代化的基础上，再奋斗15年，把我国建成富强民主文明和谐美丽的社会主义现代化强国||B、 第一个阶段，从2020年到2035年，在全面建成小康社会的基础上，再奋斗15年，基本实现社会主义现代化||C、 第一阶段，从2017年到2037年在全面建成小康社会的基础上，再奋斗15年，基本实现社会主义现代化||D、 第二个阶段，从2035年到本世纪中叶，在基本实现现代化的基础上，再奋斗15年，把我国建成富强民主文明和谐美丽的社会主义现代化强国,BD
第二章习题- 副本,多选题,13 中国式现代化的特征是( )。,A、 物质文明和精神文明相协调的现代化||B、 全体人民共同发展的现代化||C、 .人与自然和谐共生的现代化||D、 走和平发展道路的现代化||E、 人口规模巨大的现代化,ACDE
第二章习题- 副本,多选题,14 坚持和发展中国特色社会主义的总任务是( )。,A、 中国梦是中华民族伟大复兴的形象表达||B、 现社会主义现代化和中华民族伟大复兴||C、 解放和发展社会生产力||D、 实在全面建成小康社会的基础上，分两步走在本世纪中叶建成富强民主文明和谐美丽的社会主义现代化强国,ABD
第二章习题- 副本,多选题,15 从2020年到2035年，基本实现社会主义现代化的目标要求( )。,A、 在生态文明建设方面，生态环境根本好转，美丽中国目标基本实现||B、 在文化建设方面，社会文明程度达到新的高度，国家文化软实力显著增强，中华文化影响更加广泛深入||C、 在经济建设方面，我国经济实力、科技实力将大幅跃升，跻身创新型国家前列||D、 在政治建设方面，人民平等参与、平等发展权利得到充分保障，法治国家、法治政府、法治社会基本建成，各方面制度更加完善，国家治理体系和治理能力现代化基本实现,ABCD
第二章习题- 副本,多选题,16 中国梦的实现途径是( )。,A、 弘扬中国精神||B、 凝聚中国力量||C、 维护世界和平||D、 坚持中国道路,ABD
第二章习题- 副本,多选题,17 关于中国梦的内涵理解正确的是()。,A、 国家富强、民族振兴是人民幸福的基础和保障||B、 核心内容时国家富强、民族振兴、人民幸福||C、 中国梦是国家的梦、民族的梦、归根到底是人民的梦||D、 人民幸福是国家富强、民族振兴的根本出发点和落脚点,ABCD
第二章习题- 副本,填空题,1 ____是中华民族近代以来最伟大的梦想。,,实现中华民族伟大复兴
第二章习题- 副本,填空题,2 ____直接关系中国式现代化的根本方向、前途命运、最终成败。,,党的领导
第二章习题- 副本,填空题,3 从现在起，中国共产党的中心任务，就是团结带领全国各族人民全面建成社会主义现代化强国、实现____目标，以中国式现代化全面推进中华民族伟大复兴。,,第二个百年奋斗
第二章习题- 副本,填空题,4 实现中华民族伟大复兴的中国梦，就是要实现____、____、人民幸福。,,国家富强 民族振兴
第二章习题- 副本,填空题,5 ____是全面建设社会主义现代化国家的主心骨和领航者。,,中国共产党
第二章习题- 副本,填空题,6 ____源远流长、博大精深，是中华民族独特的精神标识，是当代中国文化的根基，是维系全世界华人的精神纽带。,,中华文明
第二章习题- 副本,判断题,1 共同富裕是中国特色社会主义的本质要求，我国很快就实现共同富裕。,,错
第二章习题- 副本,判断题,2 中国式现代化创造了人类文明新形态，为人类实现现代化提供了新的选择。,,对
第二章习题- 副本,判断题,3 中国式现代化为广大发展中国家探索现代化道路提供了全新选择。,,对
第二章习题- 副本,判断题,4 独立自主是我们立党立国的重要原则，对外开放是我国的基本国策。推进中国式现代化，必须坚持独立自主、自立自强。,,对
第二章习题- 副本,判断题,5 团结奋斗是中国共产党和中国人民最显著的精神标识，是中国人民创造历史伟业的必由之路。,,对
第十三章-副本,单选题,1 维护制度安全，最主要是( )。,A、 推进国家治理体系和治理能力现代化||B、 全面深化改革||C、 坚持和完善中国特色社会主义制度||D、 坚持和完善人民代表大会制度,C
第十三章-副本,单选题,2 ( )是应对国家安全形势新变化新趋势的战略选择，是全面贯彻落实总体国家安全观的重大举措。,A、 统筹稳定和发展||B、 构建新发展格局||C、 构建新安全格局||D、 建立强大的军队,C
第十三章-副本,单选题,3 ( )将“坚持总体国家安全观”纳入新时代坚持和发展中国特色社会主义的基本方略，并写入党章。,A、 党的十八届三中全会||B、 党的十九届六中全会||C、 党的十九大||D、 党的二十大,C
第十三章-副本,单选题,4 总体国家安全观以( )为基础，加强经济安全风险预警、防控机制和能力建设。,A、 国土安全||B、 经济安全||C、 国内安全||D、 国际安全,B
第十三章-副本,单选题,5 每年( )被确定为全民国家安全教育日。,A、 5月17日||B、 7月30日||C、 4月15日||D、 6月15日,C
第十三章-副本,单选题,6 面对波谲云诡的国际形势、复杂敏感的周边环境、艰巨繁重的改革发展稳定任务，我们必须树立( )。,A、 底线思维||B、 零和思维||C、 忧患意识||D、 全局意识,A
第十三章-副本,单选题,7 ( )是保障国家安全的治本之策。,A、 增强维护国家安全能力||B、 建设更高水平的平安中国||C、 健全国家安全体系、加强国家安全制度建设||D、 增加经费投入,C
第十三章-副本,单选题,8 维护意识形态安全，最主要是( )。,A、 把意识形态工作的领导权、管理权、话语权牢牢掌握在党的手中||B、 落实意识形态工作责任制||C、 坚持和巩固马克思主义在意识形态领域的指导地位||D、 及时掌握意识形态形势和动态,C
第十三章-副本,单选题,9 国家安全工作，归根结底是保障( )，为群众安居乐业提供坚强保障。有了安全感，获得感才有保障，幸福感才会持久。,A、 领土完整||B、 社会稳定||C、 人民利益||D、 经济发展,C
第十三章-副本,单选题,10 走中国特色国家安全道路，努力开创国家安全工作新局面，是对总体国家安全观的贯彻落实，归根到底是为了确保( )进程不被迟滞甚至中断。,A、 全体人民共同富裕||B、 经济社会发展||C、 中华民族伟大复兴||D、 社会主义现代化建设,C
第十三章-副本,单选题,11 ( )是人民幸福安康的基本要求，是安邦定国的重要基石。,A、 国家安全||B、 国家富强||C、 人民富裕||D、 社会稳定,A
第十三章-副本,单选题,12 ( )与人民群众切身利益关系最密切，是人民群众安全感的晴雨表，是社会安定的风向标。,A、 经济安全||B、 政治安全||C、 文化安全||D、 社会安全,D
第十三章-副本,单选题,13 总体国家安全观以( )为宗旨，坚持国家安全一切为了人民。,A、 国际安全||B、 政治安全||C、 人民安全||D、 国内安全,C
第十三章-副本,单选题,14 维护政权安全，最主要是( )。,A、 坚持和巩固马克思主义在意识形态领域的指导地位||B、 建立强大的军队||C、 坚持和巩固人民民主专政||D、 坚持和巩固党的领导和长期执政地位,D
第十三章-副本,多选题,"1 提高防范化解重大风险能力,要( )。","A、 既要有防范风险的先手，也要有应对和化解风险挑战的高招||B、 既要打好防范和抵御风险的有准备之战，也要打好化险为夷、转危为机的战略主动战||C、 坚持底线思维和极限思维,从最坏处着眼，做最充分的准备||D、 在重大风险、强大对手面前，总想过太平日子、不想斗争是不切实际的||E、 既要高度警惕“黑天鹅”事件，也要防范“灰犀牛”事件",ABCDE
第十三章-副本,多选题,2 进入新时代，我国面临更为严峻复杂的国家安全形势，从外部环境来看，主要是( )。,A、 地区热点和局部冲突此起彼伏，国际局势变得更加复杂动荡||B、 和平与发展的时代主题面临严峻挑战||C、 气候变化、粮食安全、能源安全等全球性问题日趋尖锐复杂||D、 世界战略格局、全球治理体系、综合国力竞争进入深度变迁的历史进程,ABCD
第十三章-副本,多选题,3 对发展和安全的理解，正确的观点是( )。,"A、 没有国家安全,发展取得的成果也可能毁于一旦||B、 发展具有基础性、根本性，是解决安全问题的总钥匙||C、 发展解决的是动力问题，是推动国家和民族康续绵延的根本支撑||D、 安全解决的是保障问题，是确保国家和民族行稳致远的坚强柱石||E、 发展和安全是一体之两翼、驱动之双轮，必须同步推进",ABCDE
第十三章-副本,多选题,4 总体国家安全观以( )为保障，建立完善强基固本、化险为夷的各项对策措施，为维护国家安全提供硬实力和软实力保障。,A、 社会安全||B、 科技安全||C、 军事安全||D、 文化安全,ABCD
第十三章-副本,多选题,5 总体国家安全观强调( )。,A、 维护国家安全要贯穿党和国家工作各方面全过程||B、 打总体战，形成汇聚党政军民学各战线各方面各层级的强大合力||C、 全社会全政府全体系全手段应对重大国家安全风险挑战||D、 做好国家安全工作的系统思维和方法，加强科学统筹,ABCD
第十三章-副本,多选题,6 国土安全是立国之基，维护国土安全，要( )。,A、 深入打击恐怖主义、分裂主义、极端主义“三股势力”||B、 坚决防范“藏独”“东突”，坚决粉碎任何“台独”分裂图谋||C、 提升维护国土安全能力，加强边防、海防、空防建设||D、 全力维护香港、澳门长期繁荣稳定||E、 坚决反对一切分裂祖国的活动,ABCDE
第十三章-副本,多选题,"7 经济安全是国家安全的基础, 维护经济安全,要( )。",A、 保障经济社会发展所需的资源能源持续、可靠和有效供给。||B、 加快建设现代化经济体系，提升产业链供应链韧性和安全水平。||C、 保证基本经济制度安全，维护社会主义市场经济秩序||D、 全方位夯实粮食安全根基，牢牢守住18亿亩耕地红线||E、 加强金融、地方债务风险防控，守住不发生系统性风险的底线。,ABCDE
第十三章-副本,多选题,8 对新安全格局和新发展格局关系的正确理解是( )。,A、 以新安全格局保障新发展格局，必须统筹维护国家安全各类要素、各方资源、各种手段，主动塑造有利的外部安全环境||B、 新安全格局是新发展格局的重要前提和保障。||C、 只有以新安全格局保障新发展格局，才能在各种可以预见和难以预见的风险挑战中增强我国的生存力、竞争力、发展力、持续力||D、 只有以新安全格局保障新发展格局，才能夯实我国经济发展的根基、增强发展的安全性稳定性,ABCD
第十三章-副本,多选题,9 政治安全与人民安全、国家利益至上的关系是( )。,A、 要把政治安全、人民安全、国家利益至上三者统一起来，确保实现党的长期执政、人民安居乐业、国家长治久安||B、 政治安全是维护人民安全和国家利益的根本保证||C、 人民安全居于中心地位，国家安全归根到底是保障人民利益||D、 国家利益至上是实现政治安全和人民安全的要求和原则。,ABCD
第十三章-副本,多选题,"10 新时代国家安全得到全面加强,表现在( )。",A、 制定出台国家情报法、反恐怖主义法等一系列国家安全法律法规||B、 制定实施《国家安全战略纲要》《国家安全战略(2021-2025年)》||C、 党中央成立中央国家安全委员会||D、 国家安全体系和能力建设取得突破性进展||E、 制定实施《中国共产党领导国家安全工作条例》,ABCDE
第十三章-副本,多选题,11 进入新时代，我国面临更为严峻复杂的国家安全形势，从内部环境来看，主要是( )。,A、 重点领域关键环节改革任务仍然艰巨，科技创新能力存在卡点瓶颈||B、 风险呈现形态更加复杂，既有显性风险又有隐性风险||C、 粮食、能源、资源、金融和产业链供应链安全面临重大考验||D、 既有可以预料的风险又有难以预料的风险，既有“黑天鹅”事件又有“灰犀牛”事件，而且各类风险成因多样、彼此交织||E、 意识形态领域存在不少挑战，重点领域风险敞口加大,ABCDE
第十三章-副本,多选题,12 建设平安中国，必须( )。,A、 推动公共安全治理模式由以事后处置为主向以事前预防为主转型||B、 坚持安全第一、预防为主，建立大安全大应急框架||C、 推进安全生产风险专项整治，加强重点行业、重点领域安全监管。||D、 加强国家区域应急力量建设||E、 聚焦影响国家安全和社会稳定的突出问题,ABCDE
第十三章-副本,多选题,13 总体国家安全观( )。,A、 回答了如何解决好大国发展进程中面临的共性安全问题||B、 为破解我国国家安全面临的难题、推进新时代国家安全工作提供了基本遵循||C、 系统提出了一系列具有原创性、时代性的重要观点||D、 回答了如何解决好中华民族伟大复兴关键时期面临的特殊安全问题,ABCD
第十三章-副本,多选题,14 维护政治安全，要( )。,A、 维护制度安全||B、 维护政权安全||C、 维护意识形态安全||D、 维护中国共产党执政安全,ABCD
第十三章-副本,多选题,15 健全国家安全体系，要( )。,A、 强化国家安全工作协调机制||B、 完善国家安全法治体系、战略体系、政策体系、风险监测预警体系、国家应急管理体系||C、 坚持党中央对国家安全工作的集中统一领导，完善高效权威的国家安全领导体制||D、 完善重点领域安全保障体系和重要专项协调指挥体系||E、 加快涉外法治工作战略布局，健全反制裁、反干涉、反“长臂管辖”机制。,ABCDE
第十三章-副本,多选题,16 当前我国所面临的新形势新挑战是( )。,A、 一些敌视中国共产党领导和我国社会主义制度的势力处心积虑地破坏，我们面临的压力和阻力越大||B、 正处于中华民族伟大复兴的关键时期||C、 中国式现代化越向前推进拓展||D、 处于从发展中大国迈向社会主义现代化强国的关键阶段,ABCD
第十三章-副本,多选题,17 政治安全涉及国家( )的稳固，是一个国家最根本的需求。,A、 制度||B、 政权||C、 主权||D、 意识形态,ABCD
第十三章-副本,填空题,1 总体国家安全观的关键是“总体”。强调“____”理念。,,大安全
第十三章-副本,填空题,2 总体国家安全观以____为宗旨，坚持国家安全一切为了人民、一切依靠人民。,,人民安全
第十三章-副本,填空题,3 党的十八大以来，以习近平同志为核心的党中央创造性提出并发展____，坚持统筹发展和安全，加快构建统筹各领域安全的新安全格局。,,总体国家安全观
第十三章-副本,填空题,4 ____是民族复兴的根基，社会稳定是国家强盛的前提。必须坚定不移贯彻总体国家安全观。,,国家安全
第十三章-副本,填空题,5 总体国家安全观以促进____为依托，推动树立共同、综合、合作、可持续的全球安全观。,,国际安全
第十三章-副本,填空题,6 总体国家安全观以____为根本，坚持把政治安全放在首要位置。,,政治安全
第十三章-副本,判断题,1 生物安全问题已经成为全世界、全人类面临的重大生存和发展威胁之一，重大传染病和生物安全风险是事关国家安全和发展、事关社会大局稳定的重大风险挑战。( ),,对
第十三章-副本,判断题,2 没有网络安全就没有国家安全，就没有经济社会稳定运行，广大人民群众利益也难以得到保障。,,对
第十三章-副本,判断题,3 政治安全是立国之基。( ),,错
第十三章-副本,判断题,4 发展和安全是一体之两翼、驱动之双轮。发展是安全的基础和目的，安全是发展的条件和保障，发展和安全要同步推进。( ),,对
第十三章-副本,判断题,5 经济安全与人民群众切身利益关系最密切，是人民群众安全感的晴雨表，是社会安定的风向标,,错
第十三章-副本,判断题,6 推进国家安全体系和能力现代化，是新时代维护国家安全的迫切要求，也是推进国家治理体系和治理能力现代化的重要工程。( ),,对
第十四章 建设巩固国防和强大人民军队-副本,单选题,1 党的十八大以来，以习近平同志为核心的党中央围绕新时代( )，深入进行理论探索和实践创造，形成习近平强军思想。,A、 坚持和发展什么样的中国特色社会主义、怎样坚持和发展中国特色社会主义||B、 建设什么样的长期执政的马克思主义政党、怎样建设长期执政的马克思主义政党||C、 建设一支什么样的强大人民军队、怎样建设强大人民军队||D、 建设什么样的社会主义现代化强国、怎样建设社会主义现代化强国,C
第十四章 建设巩固国防和强大人民军队-副本,单选题,"2 ( )明确提出，党在新时代的强军目标是建设一支听党指挥、能打胜仗、作风优良的人民军队,把人民军队建设成为世界一流军队。",A、 2013年3月，十二届全国人大一次会议||B、 党的十九大||C、 党的二十大||D、 2012年12月，中央军委扩大会议,B
第十四章 建设巩固国防和强大人民军队-副本,单选题,3 国防和军队改革取得历史性突破，形成军委管总、战区主战、( )新格局，人民军队组织架构和力量体系实现革命性重塑。,A、 党委领导||B、 军种主战||C、 军种主建||D、 战区主建,C
第十四章 建设巩固国防和强大人民军队-副本,单选题,4 在新时代的强军目标中，( )是核心。,A、 全面建成世界一流军队||B、 听党指挥||C、 能打胜仗||D、 作风优良,C
第十四章 建设巩固国防和强大人民军队-副本,单选题,5 力争到二〇三五年( )国防和军队现代化，到本世纪中叶把人民军队( )世界一流军队。,A、 全面实现;全面建成||B、 基本实现;基本建成||C、 全面实现;基本建成||D、 基本实现;全面建成,D
第十四章 建设巩固国防和强大人民军队-副本,单选题,6 军队是要准备打仗的，一切工作都必须坚持( )标准，向能打仗、打胜仗聚焦。,A、 斗争力||B、 战斗力||C、 硬实力||D、 战争力,B
第十四章 建设巩固国防和强大人民军队-副本,单选题,7 要充分发挥政治工作对强军兴军的生命线作用，培养有灵魂、( )、有血性、有品德的新时代革命军人。,A、 淡泊名利||B、 不怕苦||C、 崇尚光荣||D、 有本事,D
第十四章 建设巩固国防和强大人民军队-副本,单选题,8 ( )是党指挥枪原则落地生根的坚实基础。,A、 支部建在排上||B、 支部建在团上||C、 支部建在连上||D、 支部建在营上,C
第十四章 建设巩固国防和强大人民军队-副本,单选题,9 90多年来，人民军队之所以能够始终保持强大的凝聚力向心力战斗力，经受住各种考验，不断从胜利走向胜利，最根本的就是靠( )。,A、 发展先进科学技术||B、 改革开放的成功||C、 中国共产党的坚强领导||D、 一不怕苦，二不怕死,C
第十四章 建设巩固国防和强大人民军队-副本,单选题,"10 ( ),是决定军队建设的政治方向。",A、 军民融合是关键||B、 作风优良是保证||C、 能打胜仗是核心||D、 听党指挥是灵魂,D
第十四章 建设巩固国防和强大人民军队-副本,单选题,11 ( )是人民军队的鲜明特色和政治优势，也是人民军队战无不胜、攻无不克的重要保证。,A、 听党指挥||B、 军民情谊||C、 能打胜仗||D、 作风优良,D
第十四章 建设巩固国防和强大人民军队-副本,单选题,12 把( )作为唯一的根本的标准，是有效履行我军根本职能的内在要求，也是提高军队建设质量效益的客观需要。,A、 战斗力||B、 军事创新||C、 政治建军||D、 军事改革,A
第十四章 建设巩固国防和强大人民军队-副本,单选题,13 习近平强军思想明确( )是人民军队建军之本、强军之魂.,A、 先进科技||B、 政治工作||C、 党对人民军队的绝对领导||D、 练兵备战,C
第十四章 建设巩固国防和强大人民军队-副本,多选题,1 进入新时代，我国军队建设存在的问题是( )。,A、 军队打现代化战争能力不够||B、 军队现代化水平与国家安全需求相比差距还很大||C、 各级干部指挥现代化战争能力不够||D、 军队现代化水平与世界先进军事水平相比差距还很大,ABCD
第十四章 建设巩固国防和强大人民军队-副本,多选题,2 提高军队战斗力，要( )。,A、 做到全部精力向打仗聚焦||B、 坚决破除“和平积弊”，把战斗力标准贯彻到全军各项建设中||C、 坚持用是否有利于提高战斗力来衡量和检验各项工作||D、 强化战斗队思想，立起练兵备战鲜明导向,ABCD
第十四章 建设巩固国防和强大人民军队-副本,多选题,3 坚持党对人民军队的绝对领导必须有一整套制度作保证。这些制度主要有( )。,A、 实行支部建在连上||B、 实行党委制、政治委员制、政治机关制||C、 军队最高领导权和指挥权属于党中央、中央军委，中央军委实行主席负责制||D、 实行党委(支部)统一的集体领导下的首长分工负责制,ABCD
第十四章 建设巩固国防和强大人民军队-副本,多选题,4 党在新时代强军目标的科学内涵是( )。,A、 作风优良是保证，关系军队的性质、宗旨、本色||B、 听党指挥是灵魂，决定军队建设的政治方向||C、 体现了坚持党的建军原则、人民军队根本职能、特有政治优势的高度统一||D、 能打胜仗是核心，反映军队的根本职能和军队建设的根本指向,ABCD
第十四章 建设巩固国防和强大人民军队-副本,多选题,5 武器装备远程( )趋势更加明显，战争形态加速向信息化战争演变，智能化战争初现端倪。。,A、 无人化||B、 精确化||C、 智能化||D、 隐身化,ABCD
第十四章 建设巩固国防和强大人民军队-副本,多选题,6 到2035年，基本实现国防和军队现代化，这一步的关键是实现( )。,A、 军事理论现代化||B、 军事人员现代化||C、 军队组织形态现代化||D、 武器装备现代化,ABCD
第十四章 建设巩固国防和强大人民军队-副本,多选题,7 深化国防和军队改革，要( )。,A、 重塑军事力量建设政策制度、改革军事管理政策制度||B、 按照军委管总、战区主战、军种主建的总原则改革领导指挥体制||C、 深化军队党的建设制度改革、创新军事力量运用政策制度||D、 建立健全中国特色社会主义军事政策制度体系||E、 推进军队规模结构和力量编成改革，构建中国特色现代军事力量体系,ABCDE
第十四章 建设巩固国防和强大人民军队-副本,多选题,8 推进强军事业必须坚持( )。,A、 科技强军||B、 政治建军||C、 改革强军||D、 依法治军||E、 人才强军,ABCDE
第十四章 建设巩固国防和强大人民军队-副本,多选题,9 之所以必须坚持党对人民军队的绝对领导，是因为( )。,A、 人民军队是党缔造的，始终在党的领导下行动和战斗||B、 坚持党对人民军队的绝对领导，是马克思主义建党建军的一条基本原则||C、 党的绝对领导，造就了人民军队对党的赤胆忠心、为党和人民冲锋陷阵的坚定意志||D、 党对人民军队的绝对领导，是建军之本、强军之魂||E、 坚定不移听党话、跟党走，是人民军队永葆人民军队性质、本色的根本保证,ABCDE
第十四章 建设巩固国防和强大人民军队-副本,多选题,10 对“强国必须强军，军强才能国安”的正确理解是( )。,A、 国无防不立，民无兵不安。没有一支强大的军队，就不可能有强大的祖国||B、 中国越发展壮大，遇到的阻力和压力就会越大，面临的风险就会越多||C、 面对严峻复杂的国家安全形势，必须对战争危险保持清醒头脑。||D、 能战方能止战，要实现中华民族伟大复兴，就必须把军队搞得更强大,ABCD
第十四章 建设巩固国防和强大人民军队-副本,多选题,"11 到本世纪中叶,把人民军队全面建成世界一流军队,具体的目标要求是()。",A、 建成同我国强国地位相称的世界一流军队||B、 建成具备强大国际影响力的世界一流军队||C、 能够打败一切强敌的世界一流军队||D、 建成能够全面有效维护国家安全的世界一流军队,ABD
第十四章 建设巩固国防和强大人民军队-副本,多选题,12 新时代人民军队使命任务是( )。,A、 为促进世界和平与发展提供战略支撑||B、 为巩固中国共产党领导和我国社会主义制度提供战略支撑||C、 为捍卫国家主权、统一和领土完整提供战略支撑||D、 为维护我国海外利益提供战略支撑,ABCD
第十四章 建设巩固国防和强大人民军队-副本,多选题,13 我国国防和军队建设“新三步走” 战略安排是( )。,A、 到2035年，基本实现国防和军队现代化||B、 到本世纪中叶，把人民军队全面建成世界一流军队||C、 到2050年，全面实现军事作战无人化、智能化||D、 到2027年，实现建军一百年奋斗目标,ABD
第十四章 建设巩固国防和强大人民军队-副本,多选题,"14 贯彻依法治军战略，要紧紧围绕党在新时代的强军目标,着眼全面加强革命化现代化正规化建设，坚持( )。",A、 抓住领导干部这个“关键少数”||B、 从严治军铁律||C、 党对人民军队的绝对领导||D、 建设中国特色军事法治体系||E、 按照法治要求转变治军方式,ABCDE
第十四章 建设巩固国防和强大人民军队-副本,多选题,"15 新的征程上，开创国防和军队现代化新局面，必须全面推进( ), 加快把人民军队建设成为世界一流军队。",A、 改革强军||B、 依法治军||C、 科技强军||D、 政治建军||E、 人才强军,ABCDE
第十四章 建设巩固国防和强大人民军队-副本,多选题,16 党在新时代的强军目标是建设一支( )的人民军队。,A、 能打胜仗||B、 听党指挥||C、 作风优良||D、 敢于创新,ABC
第十四章 建设巩固国防和强大人民军队-副本,多选题,17 要着力培养新时代革命军人，锻造具有( )的过硬部队，确保我军永远立于不败之地。,A、 铁一般纪律||B、 铁一般担当||C、 铁一般信仰||D、 铁一般信念,ABCD
第十四章 建设巩固国防和强大人民军队-副本,填空题,1 习近平强军思想明确____是我们党建军治军基本方式。,,依法治军
第十四章 建设巩固国防和强大人民军队-副本,填空题,2 习近平强军思想明确____是兴国之举、强军之策;明确____是我军鲜明特色和政治优势。,,军民融合发展 作风优良
第十四章 建设巩固国防和强大人民军队-副本,填空题,3 ____是坚持党对人民军队绝对领导的根本制度和根本实现形式，在党领导军队的一整套制度体系中处于最高层次、居于统领地位。,,军委主席负责制
第十四章 建设巩固国防和强大人民军队-副本,填空题,4 新时代的强军目标是建设一支听党指挥、____、____的人民军队。,,能打胜仗 作风优良
第十四章 建设巩固国防和强大人民军队-副本,填空题,5 ____是推动人民军队高质量发展、赢得军事竞争和未来战争主动的关键因素。,,人才
第十四章 建设巩固国防和强大人民军队-副本,填空题,6 ____是人民军队的立军之本。,,政治建军
第十四章 建设巩固国防和强大人民军队-副本,填空题,7 习近平强军思想明确____是强军的必由之路;明确____是核心战斗力。,,改革 科技
第十四章 建设巩固国防和强大人民军队-副本,判断题,1 人民军队将在本世纪中叶基本实现国防和军队现代化。( ),,错
第十四章 建设巩固国防和强大人民军队-副本,判断题,2 深化国防和军队改革总体目标是，牢牢把握“军委管总、战区主战、军种主建”的原则。( ),,对
第十四章 建设巩固国防和强大人民军队-副本,判断题,3 改革是决定人民军队发展壮大、制胜未来的关键一招。( ),,对
第十四章 建设巩固国防和强大人民军队-副本,判断题,4 坚持党对人民军队的绝对领导是人民军队能打仗、打胜仗的军事战略指导。( ),,错
第十四章 建设巩固国防和强大人民军队-副本,判断题,5 巩固提高一体化国家战略体系和能力，是党中央把握强国强军面临的新形势新任务新要求，着眼于更好统筹发展和安全、更好统筹经济建设和国防建设作出的战略部署。( ),,对
第十四章 建设巩固国防和强大人民军队-副本,判断题,6 军政军民团结是实现富国和强军相统一的重要政治保障。要加强国防动员和后备力量建设，增强打赢未来战争的国防潜力。( ),,对
第十四章 建设巩固国防和强大人民军队-副本,判断题,7 军事战略科学准确，就是最大的胜算。要增强军事战略指导的进取性和主动性，把备战与止战、威慑与实战、战争行动与和平时期军事力量运用作为一个整体加以运筹。( ),,对
第八章 发展全过程人民民主-副本,单选题,1 我国是工人阶级领导的、以工农联盟为基础的( )的社会主义国家，国家一切权力属于人民。,A、 人民当家作主||B、 中国共产党领导||C、 人民民主专政||D、 民主专政,C
第八章 发展全过程人民民主-副本,单选题,2 ( )是人民当家作主和依法治国的根本保证。,A、 全过程民主||B、 党的领导||C、 宪法||D、 人民民主,B
第八章 发展全过程人民民主-副本,单选题,3 人民当家作主是社会主义民主政治的本质特征，( )是党领导人民治理国家的基本方式.,A、 全过程民主||B、 依法治国||C、 坚持系统观念||D、 民主集中制,B
第八章 发展全过程人民民主-副本,单选题,4 ( )是社会主义的生命，没有民主就没有社会主义。,A、 人民当家作主||B、 坚持人民的主体地位||C、 人民民主||D、 以人民为中心,C
第八章 发展全过程人民民主-副本,单选题,5 一个国家是不是民主，应该由这个国家的( )来评判，而不应该由外部少数人指手画脚来评判。,A、 社会团体||B、 国家性质||C、 执政党||D、 人民,D
第八章 发展全过程人民民主-副本,单选题,6 ( )是党克敌制胜、执政兴国的重要法宝，是团结海内外全体中华儿女实现中华民族伟大复兴的重要法宝。,A、 协商民主||B、 统一战线||C、 全过程人民民主||D、 实现中华民族伟大复兴,B
第八章 发展全过程人民民主-副本,单选题,7 统战工作的关键是要( )。,A、 坚持党的领导||B、 坚持多样性||C、 坚持同一性||D、 坚持求同存异,D
第八章 发展全过程人民民主-副本,单选题,8 ( )是指民主的制度安排，实质民主是指民主始终追求的价值目标，二者有机结合。,A、 人民民主||B、 协商民主||C、 全过程人民民主||D、 程序民主,D
第八章 发展全过程人民民主-副本,单选题,9 社会主义民主的实质是( )。,A、 民主集中制||B、 人民代表大会制度||C、 人民当家作主||D、 中华民族大团结,C
第八章 发展全过程人民民主-副本,单选题,10 ( )是统一战线最核心、最根本的问题。,A、 坚持党的领导||B、 凝聚人心||C、 广交朋友||D、 大团结大联合,A
第八章 发展全过程人民民主-副本,单选题,11 ( )是中国发展全过程人民民主的根本保证。,A、 中国共产党的领导||B、 中国特色社会主义制度||C、 人民当家作主||D、 人民民主专政,A
第八章 发展全过程人民民主-副本,多选题,1 人民民主是社会主义的生命，没有民主( )。,A、 就没有社会主义||B、 就没有中华民族伟大复兴||C、 以上都对||D、 就没有社会主义的现代化,ABCD
第八章 发展全过程人民民主-副本,多选题,2 全过程人民民主是社会主义民主政治的本质属性，是( )的民主。,A、 最广泛||B、 最真实||C、 最典型||D、 最管用,ABD
第八章 发展全过程人民民主-副本,多选题,3 我国基层民主有多种多样的形式，如( ).。,A、 以社区居民委员会为组织形态的城市居民自治||B、 以村民委员会为组织形态的农村村民自治||C、 以上都对||D、 以职工代表大会为组织依托的企事业单位职工自治,ABCD
第八章 发展全过程人民民主-副本,多选题,4 ( )构成我国的基本政治制度。,A、 人民代表大会制度||B、 基层群众自治制度||C、 中国共产党领导的多党合作和政治协商制度||D、 民族区域自治制度,BCD
第八章 发展全过程人民民主-副本,多选题,5 在人民民主的共同旗帜下，中国共产党与各民主党派( )。,A、 长期共存||B、 荣辱与共||C、 互相监督||D、 肝胆相照,ABCD
第八章 发展全过程人民民主-副本,多选题,6 全过程人民民主实现了( )。,A、 直接民主和间接民主相统一||B、 人民民主和国家意志相统一||C、 过程民主和成果民主相统一||D、 程序民主和实质民主相统一,ABCD
第八章 发展全过程人民民主-副本,多选题,7 人民代表大会制度( )。,A、 坚持中国共产党领导，有效保证国家沿着社会主义道路前进||B、 有效保证国家政治生活既充满活力又安定有序。||C、 最大限度保障人民当家作主||D、 有效保证国家治理跳出治乱兴衰的历史周期率||E、 正确处理事关国家前途命运的一系列重大政治关系，维护国家统一和民族团结,ABCDE
第八章 发展全过程人民民主-副本,多选题,8 统一战线工作范围包括( )。,A、 非公有制经济人士，新的社会阶层人士||B、 出国和归国留学人员||C、 民主党派成员，无党派人士，党外知识分子||D、 少数民族人士，宗教界人士||E、 香港同胞，澳门同胞，台湾同胞，华侨归侨及侨眷,ABCDE
第八章 发展全过程人民民主-副本,多选题,9 中国特色社会主义政治制度的巨大优势体现在( )。,"A、 能够有效保证人民享有更加广泛的权利和自由||B、 能够集中力量办大事，有效促进社会生产力解放和发展||C、 能够有效调节国家政治关系，形成安定团结的政治局面||D、 能够有效维护国家独立自主,有力维护国家主权、安全、发展利益",ABCD
第八章 发展全过程人民民主-副本,多选题,10 巩固和发展爱国统一战线，应该着手做好以下工作( )。,A、 牢牢把握大团结大联合的主题，做好统战工作||B、 深化民族团结进步教育||C、 全面贯彻党的宗教工作基本方针||D、 坚持长期共存、互相监督、肝胆相照、荣辱与共的中国共产党领导的政治协商制度,ABCD
第八章 发展全过程人民民主-副本,多选题,11 屮国特色社会主义政治制度( )。,A、 把握了现实要求、着眼解决现实问题||B、 既把握了长期形成的历史传承，又把握了走过的发展道路||C、 具有鲜明的中国特色、民族特色、时代特色||D、 注重历史和现实、理论和实践、形式和内容有机统一,ABCD
第八章 发展全过程人民民主-副本,多选题,"12 全过程人民民主是最管用的民主, 具体体现在( )。",A、 巩固平等团结互助和谐的社会主义民族关系，切实防止出现民族隔阂、民族冲突的现象||B、 加强社会各种力量的合作协调，切实防止出现党争纷沓、相互倾轧的现象||C、 发展基层民主，切实防止出现人民形式上有权、实际上无权的现象||D、 保证人民依法行使权利，切实防止出现选举时漫天许诺、选举后无人过问的现象||E、 保证在党的领导下有效治理国家，切实防止出现一盘散沙的现象,ABCDE
第八章 发展全过程人民民主-副本,多选题,"13 全过程人民民主是最真实的民主,具体体现在( )。",A、 真真切切落实到国家政治生活和社会生活各方面||B、 把党的主张、国家意志、人民意愿紧密融合在一起，彰显了人民民主的真实性||C、 真实反映人民的期盼、希望和诉求||D、 人民的意愿和呼声，经过民主决策程序成为党和国家的方针政策,ABCD
第八章 发展全过程人民民主-副本,多选题,"14 全过程人民民主是最广泛的民主, 具体体现在( )。",A、 不同地域、不同领域、不同层级、不同群体均实现全面覆盖||B、 既参与国家事务管理，又参与经济和文化事业以及社会事务管理||C、 既参与国家发展顶层设计的意见建议征询，又参与地方公共事务治理||D、 人民既充分享有民主选举权利，又充分享有民主协商、民主决策、民主管理、民主监督权利,ABCD
第八章 发展全过程人民民主-副本,多选题,15 中华人民共和国的一切权力属于人民，人民行使国家权力的机关是()。,A、 国务院||B、 地方各级人民代表大会||C、 全国人民代表大会||D、 人民代表,BC
第八章 发展全过程人民民主-副本,多选题,16 走中国特色社会主义政治发展道路，必须坚持( )有机统一。,A、 巩固和发展最广泛的爱国统一战线||B、 党的领导||C、 推进国家治理体系和治理能力现代化||D、 人民当家作主 ，依法治国,BD
第八章 发展全过程人民民主-副本,多选题,17 全过程人民民主是( )的民主，是最广泛、最真实、最管用的社会主义民主。,A、 全覆盖||B、 全方面||C、 全方位||D、 全链条,ACD
第八章 发展全过程人民民主-副本,多选题,18 铸牢中华民族共同体意识，就要( )。,A、 建设各民族共有精神家园，促进各民族共同繁荣共同发展||B、 要正确把握共同性和差异性的关系、中华民族共同体意识和各民族意识的关系、中华文化和各民族文化的关系||C、 要引导各族人民牢固树立休戚与共、荣辱与共、命运与共的共同体理念||D、 引导各族群众牢固树立正确的祖国观、民族观、文化观、历史观,ABCD
第八章 发展全过程人民民主-副本,多选题,19 我国的协商民主体系包括( )。,A、 政协协商、||B、 政党协商，人大协商||C、 政府协商||D、 基层协商以及社会组织协商||E、 人民团体协商,ABCDE
第八章 发展全过程人民民主-副本,多选题,20 统一战线工作的本质要求是( )。,A、 解决的就是人心和力量问题||B、 大团结大联合||C、 实现中华民族伟大复兴||D、 推进国家统一,AB
第八章 发展全过程人民民主-副本,填空题,1 ____是社会主义民主政治的本质属性，是最广泛、最真实、最管用的民主。,,全过程人民民主
第八章 发展全过程人民民主-副本,填空题,2 中国特色社会主义政治制度是由根本政治制度、____、重要政治制度等组成的制度体系。,,基本政治制度
第八章 发展全过程人民民主-副本,填空题,3 ____是坚持党的领导、人民当家作主、依法治国有机统一的根本政治制度安排。,,人民代表大会制度
第八章 发展全过程人民民主-副本,填空题,4 ____是中国社会主义民主政治中独特的、独有的、独到的民主形式。,,协商民主
第八章 发展全过程人民民主-副本,填空题,5 全过程人民民主是全链条、____、全覆盖的民主。,,全方位
第八章 发展全过程人民民主-副本,判断题,1 中国共产党领导的多党合作和政治协商制度、民族区域自治制度以及基层群众自治制度构成我国的根本政治制度。( ),,错
第八章 发展全过程人民民主-副本,判断题,2 坚持走中国特色社会主义政治发展道路，全面发展全过程人民民主，社会主义民主政治制度化、规范化、程序化全面推进。( ),,对
第八章 发展全过程人民民主-副本,判断题,3 做统战工作要把握好固守圆心和扩大共识、潜绩和显绩、原则性和灵活性 、团结和斗争的关系。( ),,对
第八章 发展全过程人民民主-副本,判断题,4 我国的各项国家制度都是围绕人民当家作主构建的，国家治理体系都是围绕实现人民当家作主运转的。( ),,对
第八章 发展全过程人民民主-副本,判断题,5 民主就是指民主选举，不搞“一人一票”竞选就是“不民主”。( ),,错
第八章 发展全过程人民民主-副本,判断题,6 人民民主是社会主义的生命，没有民主就没有社会主义。( )。,,对
第十一章习题-副本,单选题,1 ( )是“国之大者”。,A、 建立强大的军队||B、 人才辈出||C、 实现社会主义现代化||D、 让人民生活幸福,D
第十一章习题-副本,单选题,2 坚持以人民为中心的发展思想，在高质量发展中促进共同富裕，正确处理()的关系，构建初次分配、再分配、三次分配协调配套的基础性制度安排。,A、 政府和市场||B、 收入和分配||C、 效率和公平||D、 经济和社会,C
第十一章习题-副本,单选题,3 ( )是政府联系群众的最终一公里。,A、 乡村人民政府||B、 居委会||C、 基层党支部||D、 城乡社区,D
第十一章习题-副本,单选题,4 ( )是最大的民生工程、民心工程、根基工程，是社会稳定的重要保障。,A、 生产||B、 共同富裕||C、 生活水平||D、 就业,D
第十一章习题-副本,单选题,5 基层治理是国家治理的基石，统筹推进乡镇(街道)和城乡社区治理，是实现( )的基础工程。,A、 完善适社会治理方式和治理能力||B、 中华民族伟大复兴||C、 中国特色社蝕义法详共教课学习交流||D、 国家治理体系和治理能力现代化,D
第十一章习题-副本,单选题,6 ( )是我们坚持立党为公、执政为民的本质要求。,A、 全面依法治国||B、 思想政治教育||C、 建立强大的国防||D、 增进民生福祉,D
第十一章习题-副本,多选题,1 在脱贫攻坚战中，稳定实现贫困人口“两不愁三保障”，即( )。,A、 不愁穿||B、 基本医疗||C、 不愁吃||D、 义务教育||E、 住房安全有保障。,ABCDE
第十一章习题-副本,多选题,2 不断创新社会治理方式 .要做到( )。,A、 坚持系统思维，综合运用专业化工作方法提升社会治理效能||B、 正确处理好维稳与维权、活力与秩序的关系||C、 强化互联网思维，推进政府决策科学化、社会治理精准化、公共服务高效化。||D、 运用法治思维和法治方式统筹社会力量、平衡社会利益、调节社会关系。,ABCD
第十一章习题-副本,多选题,3 加强和创新社会治理，改进社会治理方式，要坚持( )。,A、 系统治理||B、 源头治理||C、 综合治理||D、 依法治理,ABCD
第十一章习题-副本,多选题,4 ( )是保障和改善民生的重要方针。,A、 尽力而为||B、 正确把握民生和发展的关系||C、 量力而行||D、 突出重点,AC
第十一章习题-副本,多选题,"5 健全社会治理制度,要( )。",A、 构建源头防控、排查梳理、纠纷化解、应急处置的社会矛盾综合治理机制||B、 健全社会心理服务体系和疏导机制||C、 健全公共安全体制机制，编织全方位、立体化的公共安全网||D、 完善社会治安综合治理体制机制系,ABCD
第十一章习题-副本,多选题,"6 实施就业优先战略,必须( )。",A、 扩大高校毕业生就业渠道||B、 完善重点群体就业支持体系||C、 稳定农民工等重点群体就业||D、 健全就业公共服务体系||E、 加强困难群体就业兜底帮扶,ABCDE
第十一章习题-副本,多选题,7 保障和改善民生的工作思路是( )。,A、 突出重点||B、 坚守底线||C、 完善制度||D、 引导预期,ABCD
第十一章习题-副本,多选题,8 在脱贫攻坚战中，推进“五个一批”工程，即( )。,A、 易地搬迁脱贫一批||B、 生态补偿脱贫一批||C、 社会保障兜底一批||D、 发展生产脱贫一批||E、 发展教育脱贫一批,ABCDE
第十一章习题-副本,多选题,9 增进民生福祉是( )。,A、 全面建设社会主义现代化国家的应有之义||B、 社会主义生产的根本目的||C、 社会主义和资本主义的根本区别之一||D、 坚持立党为公、执政为民的本质要求,ABCD
第十一章习题-副本,多选题,10 加强和创新社会治理，就是( )。,A、 以维护人民群众根本利益为核心||B、 促进社会公平，推动社会稳定有序发展。||C、 在党的领导下，以政府为主导，以社会多元主体参与为基础||D、 通过合作、对话、协商、沟通等方式，依法对社会事务、社会组织和社会生活进行引导和规范，化解社会矛盾,ABCD
第十一章习题-副本,多选题,11 ( )是保障和改善民生的重要原则。,A、 坚持人人尽责||B、 人人享有||C、 实事求是||D、 完善制度,AB
第十一章习题-副本,多选题,12 社会保障体系主要涉及( )等方面。,A、 社会福利||B、 社会救助||C、 社会优抚||D、 社会保险,ABCD
第十一章习题-副本,多选题,13 中国特色的社会保障体系把( )作为根本出发点和落脚点，推动社会保障事业不断前进。,A、 增进民生福祉||B、 坚持共同富裕||C、 坚持人民至上||D、 促进社会公平,AD
第十一章习题-副本,填空题,1 ____是人民幸福之基，事关人民的生存生活生计，事关民心所向。,,民生
第十一章习题-副本,填空题,2 习近平指出:“____是最大的民生工程、民心工程、根基工程，必须抓紧抓实抓好。”,,就业
第十一章习题-副本,填空题,3 ____是民生之源，是改善民生、实现发展成果由人民共享最重要最直接的方式。,,收入分配
第十一章习题-副本,填空题,4 习近平指出，____是我们党的根本执政理念，让人民生活幸福是“国之大者”。,,以人民为中心
第十一章习题-副本,填空题,5 健全共建、____、____的社会治理制度，提升社会治理效能。,,共治 共享
第十一章习题-副本,判断题,1 保障和改善民生的重要原则是只要尽力而为，不要量力而行。( ),,错
第十一章习题-副本,判断题,"2 解决人民群众最关心最直接最现实的利益问题,是保障和改善民生的重中之重。( )",,对
第十一章习题-副本,判断题,3 推进社会治理现代化的目标是建设人人有责、人人尽责、人人享有的社会治理共同体。( ),,对
第十一章习题-副本,判断题,4 人民健康是社会文明进步的基础，是民族昌盛和国家富强的重要标志，是促进人的全面发展的必然要求。( ),,对
第十一章习题-副本,判断题,5 发展是解决民生问题的“总钥匙”，民生是发展的“指南针”。要在发展过程中始终注重民生、保障民生、改善民生。( ),,对
第十一章习题-副本,判断题,6 社会建设主要包括两个方面重点:一是提高保障和改善民生水平、二是加强和创新社会治理。( ),,对
期中随堂,单选题,1 建设中国特色社会主义文化，必须牢牢掌握( ).,A、 意识形态工作领导权||B、 中国特色社会主义科学体系的构建||C、 马克思主义的科学理论||D、 网络空间的治理和引导,A
期中随堂,单选题,2 全面依法治国的总抓手是( )。,A、 坚持中国共产党的领导||B、 建设中国特色社会主义法治体系||C、 建设中国特色社会主义法治体系，建设社会主义法治国家||D、 建设社会主义法治国家,B
期中随堂,单选题,3 ( )是一个民族赖以维系的精神纽带，是一个国家共同的思想道德基础。,A、 社会主义核心价值观||B、 核心价值观||C、 理想信念||D、 社会主义核心价值体系,B
期中随堂,单选题,4 基层治理是国家治理的基石，统筹推进乡镇(街道)和城乡社区治理，是实现( )的基础工程。,A、 国家治理体系和治理能力现代化||B、 中华民族伟大复兴||C、 中国特色社蝕义法详共教课学习交流||D、 完善适社会治理方式和治理能力,A
期中随堂,单选题,5 ( )是中国特色社会主义法治体系的根本制度基础，是全面推进依法治国的根本制度保障。,A、 中国特色社会主义制度||B、 马克思主义指导||C、 以德治国||D、 党的领导,A
期中随堂,单选题,6 ( )是我们坚持立党为公、执政为民的本质要求。,A、 建立强大的国防||B、 增进民生福祉||C、 思想政治教育||D、 全面依法治国,B
期中随堂,单选题,7 全面依法治国的总抓手是( )。,A、 建设中国特色社会主义法治体系，建设社会主义法治国家||B、 建设中国特色社会主义法治体系||C、 建设社会主义法治国家||D、 ，坚持中国共产党的领导,B
期中随堂,单选题,8 全面依法治国的唯一正确道路是( )。,A、 中国特色社会主义法治道路||B、 中国特色社会主义法制道路||C、 中国特色社会主义道路||D、 中国特色社会主义政治发展道路,A
期中随堂,单选题,9 一个国家、一个民族的强盛，总是以文化兴盛为支撑的，中华民族伟大复兴需要以( )发展繁荣为条件。,A、 社会主义文化||B、 社会主义制度||C、 社会主义经济||D、 中华文化,D
期中随堂,单选题,10 ( )是我们一切工作的出发点和落脚点。,A、 促进高质量发展||B、 构建新发展格局||C、 问题导向||D、 让老百姓过上好日子,D
期中随堂,单选题,11 下列观点和认识中，错误的是 ( )。,A、 当今时代，文化在综合国力竞争中的地位日益重要，谁占据了文化发展的制高点，谁就能够更好地在激烈的国际竞争中掌握主动权||B、 文化强国既表现为具有高度文化素养的国民，也表现为发达的文化产业，还表现为强大的文化软实力||C、 文化是一种跨越国界、跨越民族、跨越时空的普适性精神力量，因此，要积极融入世界文化，完全没有必要坚守中华文化立场、走中国特色社会主义文化发展道路||D、 文化自信是一个国家、一个民族发展中更基本、更深沉、更持久的力量。坚定文化自信，事关文化安全，事关民族精神的独立性,C
期中随堂,单选题,12 ( )是最大的民生工程、民心工程、根基工程，是社会稳定的重要保障。,A、 生活水平||B、 生产||C、 共同富裕||D、 就业,D
期中随堂,单选题,13 ( )是“国之大者”。,A、 人才辈出||B、 实现社会主义现代化||C、 让人民生活幸福||D、 建立强大的军队,C
期中随堂,单选题,14 建设社会主义文化强国、推动社会主义文化繁荣兴盛，关键在于()。,A、 贯彻新发展理念||B、 高质量发展||C、 提高综合国力||D、 坚定中国特色社会主义文化自信,D
期中随堂,单选题,15 ( )是政府联系群众的最终一公里。,A、 乡村人民政府||B、 城乡社区||C、 居委会||D、 基层党支部,B
期中随堂,单选题,16 ( )是更基础、更广泛、更深厚的自信，是一个国家、一个民族发展中最基本、最深沉、最持久的力量。,A、 文化软实力||B、 中国特色社会主义文化||C、 文化自信||D、 文化自觉,C
期中随堂,单选题,17 1997年，( )确立依法治国为治理国家的基本方略，把建设社会主义法治国家，确定为社会主义现代化建设的重要目标。,A、 党的十五大||B、 党的十四大||C、 ，党的十六大||D、 党的十三届四中全会,A
期中随堂,单选题,18 ( )是中国特色社会主义的本质要求和重要保障。,A、 全面深化改革||B、 全面从严治党||C、 全面依法治国||D、 全面建设社会主义现代化国家,C
期中随堂,单选题,19 ( )是社会主义法治最根本的保证。,A、 严密的法治监督体系||B、 全面深化改革||C、 党的领导||D、 中国特色社会主义制度,C
期中随堂,单选题,20 坚持以人民为中心的发展思想，在高质量发展中促进共同富裕，正确处理()的关系，构建初次分配、再分配、三次分配协调配套的基础性制度安排。,A、 政府和市场||B、 效率和公平||C、 收入和分配||D、 经济和社会,B
第十二章习题-副本,单选题,1 ( )是工业文明发展到一定阶段的产物。,A、 生态文明||B、 中华文明||C、 农业文明||D、 文明交流,A
第十二章习题-副本,单选题,2 ( )提出:“要像保护眼睛一样保护生态环境，像对待生命一样对待生态环境，”,A、 邓小平||B、 胡锦涛||C、 江泽民||D、 习近平,D
第十二章习题-副本,单选题,3 要树立尊重自然、顺应自然、保护自然的生态文明理念，增强( )的意识。,A、 绿水青山胜过金山银山||B、 绿水青山就是金山银山||C、 金山银山就是绿水青山||D、 金山银山不如绿水青山,B
第十二章习题-副本,单选题,4 习近平“两山论”的突出贡献是( )。,A、 马克思主义文明观的新成果||B、 马克思主义生产力观的新成果||C、 马克思主义世界观的新成果||D、 马克思主义唯物史观的新成果,B
第十二章习题-副本,单选题,5 加快构建生态文明体系，确保到( )美丽中国目标基本实现。,A、 2025年||B、 2030年||C、 2020年||D、 2035年,D
第十二章习题-副本,单选题,6 “天地与我并生，而万物与我为一”的“天人合一”思想，代表着我们祖先对处理( )的关系的重要认识。,A、 人与自然||B、 天与地||C、 人与人||D、 人与社会,A
第十二章习题-副本,单选题,7 习近平指出:“( )是最公平的公共产品，是最普惠的民生福祉。”,A、 良好的生态环境||B、 按劳分配||C、 法律面前人人平等||D、 一带一路,A
第十二章习题-副本,单选题,8 处理好绿水青山和金山银山的关系，关键在人，关键在( )。,A、 高质量发展||B、 效益||C、 钱||D、 思路,D
第十二章习题-副本,单选题,9 人因自然而生，人与自然是一种( )。,A、 利用关系||B、 共生关系||C、 生存关系||D、 敌对关系,B
第十二章习题-副本,单选题,10 ( )是全面建设社会主义现代化国家的重要目标，也是满足人民日益增长的优美生态环境需要的必然要求。,A、 依法治国||B、 建设文化强国||C、 建设美丽中国||D、 共同富裕,C
第十二章习题-副本,多选题,1 共建清洁美丽世界，必须( )。,A、 坚持科学治理||B、 坚持多边主义||C、 坚持共同但有区别的责任原则||D、 坚持以人为本,ABCD
第十二章习题-副本,多选题,2 实现( )是我国向世界作出的庄严承诺，也是一场广泛而深刻的经济社会变革，绝不是轻轻松松就能实现的。,A、 构建人与自然的生命共同体||B、 碳中和||C、 建设美丽世界||D、 碳达峰,BD
第十二章习题-副本,多选题,"3 保护生态环境必须依靠制度、依靠法治,要做到( )。",A、 构建产权清晰、多元参与、激励约束并重、系统完整的生态文明制度体系||B、 严明生态环境保护责任制度||C、 全面建立资源高效利用制度||D、 实行最严格的生态环境保护制度||E、 严格执行制度,ABCDE
第十二章习题-副本,多选题,4 生态文明建设是( )。,A、 “五位一体”总体布局之一||B、 关系民生福祉的重大社会问题||C、 关系党的使命宗旨的重大政治问题||D、 重大的经济问题,ABCD
第十二章习题-副本,多选题,5 对“绿水青山就是金山银山”的理解，正确的观点是( )。,A、 也是推进现代化建设的重大原则||B、 揭示了保护生态环境就是保护生产力、改善生态环境就是发展生产力的道理，||C、 阐明了经济发展与生态环境保护之间的关系||D、 这是重要的发展理念||E、 指明了实现发展和保护协同共生的新路径,ABCDE
第十二章习题-副本,多选题,"6 把建设美丽中国转化为全体人民自觉行动,要做到( )。",A、 培育生态道德和行为准则，开展全民绿色行动||B、 坚持用最严格制度最严密法治保护生态环境的同时，激发起全社会共同呵护生态环境的内生动力||C、 动员全社会都以实际行动减少能源资源消耗和污染排放||D、 增强全民节约意识、环保意识、生态意识||E、 加快形成绿色生产方式和生活方式,ABCDE
第十二章习题-副本,多选题,7 在整个发展过程中，我们都要坚持( )的方针，要像保护眼睛一样保护生态环境,A、 保护优先||B、 发展为主||C、 节约优先||D、 自然恢复为主,ACD
第十二章习题-副本,多选题,8 绿水青山就是金山银山，阐述了( )的关系。,A、 社会和谐||B、 人类生存||C、 经济发展||D、 生 态环境保护,CD
第十二章习题-副本,多选题,"9 生态文明制度体系更加健全,表现在( )。",A、 制定出台《中共中央国务院关于加快推进生态文明建设的意见》《生态文明体制改革总体方案》等纲领性文件||B、 制定数十项涉及生态文明建设的改革方案，生态文明“四梁八柱”性质的制度体系基本形成||C、 制定修订环境保护法、环境保护税法等30多部生态环境领域法律和行政法规||D、 开展中央生态环境保护督察，坚决查处破坏生态环境的重大典型案件,ABCD
第十二章习题-副本,多选题,10 对共同但有区别的责任原则的理解，正确的说法是( )。,A、 必须充分考虑历史责任、各国国情和生态治理能力||B、 坚持各尽所能、国家自主决定贡献的制度安排||C、 必须充分肯定发展中国家应对气候变化所作的贡献，照顾其特殊困难和关切||D、 发达国家和发展中国家处于不同发展阶段，但在环境问题上的历史责任相同||E、 发达国家应该主动承担历史责任，为发展中国家提供资金、技术、能力建设等方面支持。,ABCE
第十二章习题-副本,多选题,11 绿水青山是( )。,A、 生态财富||B、 经济财富||C、 自然财富||D、 社会财富,ABCD
第十二章习题-副本,多选题,"12 加快形成绿色生产方式和生活方式,要( )。",A、 加快推动产业结构、能源结构、交通运输结构等调整优化||B、 健全绿色发展的保障体系||C、 推进各类资源节约集约利用||D、 把建设美丽中国转化为全体人民的自觉行动||E、 积极稳妥推进碳达峰碳中和,ABCDE
第十二章习题-副本,多选题,13 对我国推进碳达峰碳中和的理解，正确的说法是( )。,A、 实现“双碳”目标，是别人让我们这样做，不是我们自己要做||B、 要把“双碳”工作纳入生态文明建设整体布局和经济社会发展全局||C、 既坚定不移走绿色低碳发展的新路子，又不急于求成、偏激冒进||D、 这是一场广泛而深刻的经济社会系统性变革||E、 这是破解资源环境约束突出问题、实现可持续发展的迫切需要,BCDE
第十二章习题-副本,多选题,"14 推动全球可持续发展,我国必须( )。",A、 积极落实联合国生态系统恢复十年行动计划，实施生物多样性保护修复重大工程||B、 积极参与全球气候治理||C、 积极打造绿色“一带一路”||D、 积极推进全球生物多样性治理,ABCD
第十二章习题-副本,多选题,"15 生态文明建设战略地位更加凸显,表现在( )。",A、 把“生态文明建设”纳入“五位一体”总体布局||B、 把“促进人与自然和谐共生”纳入中国式现代化的本质要求||C、 党的十九大把“增强绿水青山就是金山银山的意识”等写入党章||D、 把“坚持人与自然和谐共生”纳入新时代坚持和发展中国特色社会主义的基本方略||E、 把“美丽中国”纳入社会主义现代化强国目标;把“绿色”纳入新发展理念,ABCDE
第十二章习题-副本,填空题,1 习近平指出:“绿色发展，就其要义来讲，是要解决好____和谐共生问题。”,,人与自然
第十二章习题-副本,填空题,2 生态文明建设是关系中华民族永续发展的根本大计。建设____，是全面建设社会主义现代化国家的重要目标。,,美丽中国
第十二章习题-副本,填空题,3 建设美丽中国，要从我国国情和生态文明建设的实际出发，加快形成____的生产方式和生活方式。,,绿色
第十二章习题-副本,填空题,4 党的十八大以来，以习近平同志为核心的党中央坚持____的理念，把生态文明建设摆在全局工作的突出位置。,,绿水青山就是金山银山
第十二章习题-副本,判断题,1 “天地与我并生，而万物与我为一”的“天人合一”思想是中华文明的鲜明特色和独特标识，代表着我们祖先对处理人与自然关系的重要认识。( ),,对
第十二章习题-副本,判断题,2 生态环境保护和经济发展是矛盾对立的关系，是鱼和熊掌不可兼得的。( ),,错
第十二章习题-副本,判断题,3 要实现我国经济社会的可持续发展，必须着力开发利用传统能源，提高资源利用效率。( ),,错
第十二章习题-副本,判断题,4 建设生态文明是顺应人类文明进程.实现人与自然和谐共生的必然要求，具有历史必然性。( ),,对
第十二章习题-副本,判断题,5 发达国家应减少的是“奢侈排放”，中国则是最大限度地克制“生存和发展排放”。( ),,对
第十二章习题-副本,判断题,6 良好生态环境是最普惠的民生福祉。( ),,对
第十二章习题-副本,判断题,7 我们要优化国土空间开发保护格局，在自然保护地开发房地产。( ),,错
第十二章习题-副本,判断题,8 人和自然是生命共同体，人与自然是一种共生关系。( ),,对
第十二章习题-副本,判断题,9 绿水青山可带来金山银山，金山银山也可买到绿水青山。( ),,错
第九章 全面依法治国-副本,单选题,1 全面依法治国的总抓手是( )。,A、 建设社会主义法治国家||B、 ，坚持中国共产党的领导||C、 建设中国特色社会主义法治体系||D、 建设中国特色社会主义法治体系，建设社会主义法治国家,C
第九章 全面依法治国-副本,单选题,2 ( )是中国特色社会主义法治体系的根本制度基础，是全面推进依法治国的根本制度保障。,A、 以德治国||B、 党的领导||C、 马克思主义指导||D、 中国特色社会主义制度,D
第九章 全面依法治国-副本,单选题,3 ( )是社会主义法治最根本的保证。,A、 严密的法治监督体系||B、 党的领导||C、 中国特色社会主义制度||D、 全面深化改革,B
第九章 全面依法治国-副本,单选题,4 全面依法治国最广泛、最深厚的基础是( )。,A、 人民||B、 社会主义民主||C、 社会稳定||D、 党的领导,A
第九章 全面依法治国-副本,单选题,5 全面依法治国的总目标是( )。,A、 有法可依、有法必依、违法必究、执法必严||B、 建设中国特色社会主义法治体系||C、 建设中国特色社会主义法治体系，建设社会主义法治国家||D、 建设社会主义法治国家,C
第九章 全面依法治国-副本,单选题,6 1997年，( )确立依法治国为治理国家的基本方略，把建设社会主义法治国家，确定为社会主义现代化建设的重要目标。,A、 党的十四大||B、 党的十五大||C、 ，党的十六大||D、 党的十三届四中全会,B
第九章 全面依法治国-副本,单选题,7 建设中国特色社会主义法治体系，必须坚持( )先行。,A、 守法||B、 立法||C、 执法||D、 司法,B
第九章 全面依法治国-副本,单选题,8 ( )是国家根本法，是党和人民意志的集中体现，是国家各种制度和法律法规的总依据。,A、 民法典||B、 宪法||C、 法律总纲||D、 诉讼法,B
第九章 全面依法治国-副本,单选题,9 ( )是国家治理体系和治理能力的重要依托。,A、 民主||B、 法治||C、 党的领导||D、 人民,B
第九章 全面依法治国-副本,单选题,10 ( )是党领导人民治理国家的基本方式。,A、 绿色发展||B、 依法治国||C、 人民当家作主||D、 以人民为中心,B
第九章 全面依法治国-副本,单选题,11 ( )是推进全面依法治国的根本保证。,A、 人民当家作主||B、 党的领导||C、 社会和谐稳定||D、 经济社会发展,B
第九章 全面依法治国-副本,单选题,12 我们讲坚持依宪治国、依宪执政，就包括坚持宪法确定的( )地位不动摇。,A、 宪法权威||B、 社会主义法治国家||C、 中国共产党领导||D、 人民当家作主,C
第九章 全面依法治国-副本,单选题,13 全面依法治国的唯一正确道路是( )。,A、 中国特色社会主义政治发展道路||B、 中国特色社会主义道路||C、 中国特色社会主义法治道路||D、 中国特色社会主义法制道路,C
第九章 全面依法治国-副本,单选题,14 ( )是中国特色社会主义的本质要求和重要保障。,A、 全面依法治国||B、 全面深化改革||C、 全面建设社会主义现代化国家||D、 全面从严治党,A
第九章 全面依法治国-副本,单选题,15 全面依法治国的总抓手是( )。,A、 坚持中国共产党的领导||B、 建设中国特色社会主义法治体系，建设社会主义法治国家||C、 建设中国特色社会主义法治体系||D、 建设社会主义法治国家,C
第九章 全面依法治国-副本,单选题,16 ( )既是全面从严治党的重要依据，也是全面依法治国的有力保障。,A、 党内法规||B、 党章||C、 党的监督机制||D、 党的纪律条例,A
第九章 全面依法治国-副本,多选题,1 法治中国建设的工作布局是( )。,A、 坚持依法治国、依法执政、依法行政共同推进||B、 坚持统筹推进国内法治和涉外法治||C、 坚持法治国家、法治政府、法治社会一体建设||D、 协商民主和法制宣传一体推进,ABC
第九章 全面依法治国-副本,多选题,2 坚持依宪治国、依宪执政，就必须( )。,A、 学习西方“三权鼎立”制度||B、 坚持宪法确定的人民民主专政的国体和人民代表大会的政体不动摇||C、 坚持走“宪政”道路不动摇||D、 坚持宪法确定的中国共产党领导地位不动摇,BD
第九章 全面依法治国-副本,多选题,3 法治中国建设的总体目标是( )。,A、 到2025年，党领导全面依法治国体制机制更加健全，以宪法为核心的中国特色社会主义法律体系更加完备||B、 到2025年，法治社会建设取得重大进展，党内法规体系更加完善||C、 到2035年，法治国家、法治政府、法治社会基本建成||D、 到2025年，中国特色社会主义法治体系初步形成,ABCD
第九章 全面依法治国-副本,多选题,4 准确把握全面推进依法治国重点任务，着力推进( )。,A、 严格执法||B、 全民守法||C、 科学立法||D、 公正司法,ABCD
第九章 全面依法治国-副本,多选题,"5 正确处理改革和法治的关系 ,要做到( )。",A、 对不适应改革要求的现行法律法规，要及时修改或废止||B、 立法主动适应改革需要，重大改革于法有据||C、 对实践证明已经比较成熟的改革经验和行之有效的改革举措，要尽快上升为法律。||D、 对实践条件还不成熟、需要先行先试的，要按照法定程序作出授权||E、 要坚持改革决策和立法决策相统一,ABCDE
第九章 全面依法治国-副本,多选题,6 要坚持( )相结合，实现法治和德治相辅相成、相得益彰。,A、 协同发展||B、 依法治国||C、 全面发展||D、 以德治国,BD
第九章 全面依法治国-副本,多选题,7 中国特色社会主义法治道路的核心要义是( )。,A、 坚持社会主义根本制度||B、 坚持中国特色社会主义制度||C、 贯彻中国特色社会主义法治理论||D、 坚持党的领导,BCD
第九章 全面依法治国-副本,多选题,8 中国特色社会主义法治道路的核心要义，就是( )，这充分体现了我国社会主义性质。,A、 贯彻中国特色社会主义法治理论||B、 坚持从中国实际出发||C、 坚持党的领导||D、 坚持中国特色社会主义制度,ACD
第九章 全面依法治国-副本,多选题,9 坚持以宪法为最高法律规范，完善以宪法为核心的中国特色社会主义法律体系，加强( )立法，把国家各项事业和各项工作纳入法制轨道。,A、 突出领域||B、 重点领域||C、 涉外领域||D、 新兴领域,BCD
第九章 全面依法治国-副本,多选题,10 全面依法治国是( )。,A、 坚持和发展中国特色社会主义的本质要求和重要保障||B、 国家治理的一场深刻革命，关系党执政兴国，关系人民幸福安康||C、 完善和发展中国特色社会主义制度、推进国家治理体系和治理能力现代化的重要方面||D、 “四个全面”战略布局之一,ABCD
第九章 全面依法治国-副本,多选题,11 关于政治和法治的关系，下列说法正确的是( )。,A、 法治要脱离政治的影响，才能确保公平正义||B、 法治当中有政治，没有脱离政治的法治||C、 党和法的关系是政治和法治关系的集中反映||D、 政治和法治相互依存，相互作用，密不可分,BCD
第九章 全面依法治国-副本,多选题,12 走中国特色社会主义法治道路，必须长期坚持以下哪些基本原则。( ),A、 坚持法律面前人人平等||B、 坚持人民主体地位||C、 坚持依法治国与以德治国相结合||D、 从中国实际出发，||E、 坚持中国共产党的领导,ABCDE
第九章 全面依法治国-副本,多选题,"13 正确处理依法治国和依规治党的关系, 要做到( )。","A、 要通过法律保障党的政策有效实施||B、 要正确处理党的政策和国家法律的关系，两者都是人民根本意志的反映||C、 要发挥依法治国和依规治党的互补性作用,确保党既依据宪法法律治国理政，又依据党内法规管党治党||D、 党的政策是国家法律的先导和指引",ABCD
第九章 全面依法治国-副本,填空题,"1 坚持依法治国首先要坚持____,坚持依法执政首先要坚持依宪执政。",,依宪治国
第九章 全面依法治国-副本,填空题,2 全面推进依法治国的总抓手是____。,,建设中国特色社会主义法治体系
第九章 全面依法治国-副本,填空题,3 全面推进依法治国总目标是____、建设社会主义法治国家。,,建设中国特色社会主义法治体系
第九章 全面依法治国-副本,填空题,4 全面依法治国，必须始终坚持正确方向，坚定不移走____道路。,,中国特色社会主义法治
第九章 全面依法治国-副本,判断题,1 依法治国是党领导人民治理国家的基本方式。( ),,对
第九章 全面依法治国-副本,判断题,2 “立善法于天下，则天下治;立善法于一国，则一国治。”全面依法治国，必须加快完善中国特色社会主义法律体系，使之更加科学完备、统一权威。( ),,对
第九章 全面依法治国-副本,判断题,3 坚持依法执政首先要坚持依宪执政。( ),,对
第九章 全面依法治国-副本,判断题,4 法治可以脱离一定社会经济、政治和文化所提供的社会条件。( ),,错
第九章 全面依法治国-副本,判断题,5 党的领导和社会主义法治是一致的，社会主义法治必须坚持党的领导，党的领导必须依靠社会主义法治。( ),,对
第九章 全面依法治国-副本,判断题,6 中国特色社会主义法治道路是社会主义法治建设成就和经验的集中体现，是建设社会主义法治国家的唯一正确道路。( ),,对
第九章 全面依法治国-副本,判断题,7 法治是是制度之治最基本最稳定最可靠的保障。( ),,对
第五章 习题-副本,单选题,1 党的十九大提出，到( )“各方面制度更加完善，国家治理体系和治理能力现代化基本实现”。,A、 2025年||B、 2035年||C、 2020年||D、 2030年,B
第五章 习题-副本,单选题,2 中阿新闻交流中心、中阿电子图书馆门户网站正式落地;“汉语热”在阿拉伯国家持续升温，沙特、阿联酋、埃及宣布将中文教学纳入国民教育体系。上述现象主要说明( ),A、 “一带一路”促进人文交流更加深入||B、 形成了“一带一路”产业化集群||C、 各国之间经济互联互通||D、 中华文化成为人类文明的中心,A
第五章 习题-副本,单选题,3 ( )是新时代全面深化改革开放的思想前提。,A、 开拓创新||B、 贯彻新发展理念||C、 解放思想||D、 实事求是,C
第五章 习题-副本,单选题,4 ( )是运用国家制度管理国家各方面事务的能力。,A、 协调能力||B、 治理能力||C、 管理能力||D、 治理体系,B
第五章 习题-副本,单选题,5 ( )作出了全面深化改革的决定。,A、 党的十八大||B、 党的十八届三中全会||C、 党的十九届六中全会||D、 党的十九大,B
第五章 习题-副本,单选题,6 “一带一路”建设，坚持( )原则，机会和成果属于全世界。,A、 平等互惠||B、 共商共建||C、 互利共赢||D、 共商共建共享,D
第五章 习题-副本,单选题,7 全面深化改革的总目标是( )。,A、 推进国家治理体系和治理能力现代化||B、 进一步解放思想、发展社会生产力||C、 赋予社会主义新的生机活力，推进国家治理体系和治理能力现代化||D、 完善和发展中国特色社会主义制度，推进国家治理体系和治理能力现代化,D
第五章 习题-副本,单选题,8 坚持和完善中国特色社会主义制度、推进国家治理体系和治理能力现代化，不仅要建立完善的制度体系，还要在不断提高( )上狠下功夫。,A、 民主与法治||B、 社会发展和经济增速||C、 制度创新和社会和谐||D、 制度执行力和治理能力,D
第五章 习题-副本,单选题,9 中国坚持对外开放的基本国策，坚定奉行( )的开放战略。,A、 构建人类命运共同体||B、 不结盟||C、 互利共赢||D、 “一带一路”倡议,C
第五章 习题-副本,单选题,10 ( )，习近平先后提出共建“丝绸之路经济带”和“21世纪海上丝绸之路”的重大倡议。,A、 2013年9月和10月||B、 2015年9月和10月||C、 2012年9月和10月||D、 2014年9月和10月,A
第五章 习题-副本,单选题,11 习近平强调:“( )是决定当代中国命运的关键一招，也是决定实现’两个一百年’奋斗目标、实现中华民族伟大复兴的关键一招。”,A、 改革开放||B、 高质量发展||C、 全面依法治国||D、 文化自信,A
第五章 习题-副本,单选题,12 中国特色社会主义制度和国家治理体系是以( )为指导、植根中国大地、具有深厚中华文化根基、深得人民拥护的制度和治理体系。,A、 中国特色社会主义||B、 毛泽东思想||C、 马克思主义||D、 社会主义,C
第五章 习题-副本,单选题,13 推进改革的目的是要不断推进我国社会主义制度( )，赋予社会主义新的生机活力。,A、 现实性和实效性||B、 人民性和整体性||C、 自我完善和发展||D、 整体推进和全面发展,C
第五章 习题-副本,单选题,14 全面深化改革能否顺利推进，关键取决于党，取决于( )。,A、 社会主义的发展方向||B、 全方位对外开放||C、 全体人民的共同参与||D、 党的集中统一领导,D
第五章 习题-副本,多选题,1 推进国家治理体系和治理能力现代化，( )。,A、 必须坚定中国特色社会主义制度自信||B、 这是一个国家现代化的重要标志||C、 必须更好发挥中国特色社会主义制度优势||D、 必须把中国特色社会主义制度优势转化为国家治理效能,ABCD
第五章 习题-副本,多选题,2 党的十八大以来，我国全面开放新举措是( )。,A、 统筹多双边和区域开放合作||B、 推进贸易强国建设||C、 推进“一带一路”建设||D、 积极营造国际一流营商环境||E、 优化区域开放布局,ABCDE
第五章 习题-副本,多选题,3 对外开放面临的新形势是( )。,A、 逆全球化思潮抬头，单边主义、保护主义明显上升||B、 我国人力资源丰富，市场规模庞大，基础设施比较完善、产业配套齐全||C、 局部冲突和动荡频发，全球性问题加剧||D、 当今世界正在经历百年未有之大变局，新一轮科技革命和产业变革深入发展||E、 我国经济发展进入新常态，资源约束日益趋紧，环境承载能力接近上限,ABCDE
第五章 习题-副本,多选题,4 改革开放是坚持和发展中国特色社会主义的必由之路，因为( )。,A、 改革开放为中国特色社会主义开创、发展和完善提供了实践基础||B、 以上都正确||C、 谱写新时代中国特色社会主义的新篇章，依然需要全面深化改革、不断扩大对外开放||D、 改革开放深化了对社会主义建设规律的认识，为坚持和发展中国特色社会主义提供了有力支撑,ABCD
第五章 习题-副本,多选题,5 在全面深化改革中，要增强改革的( )。,A、 协同性||B、 整体性||C、 同一性||D、 系统性,ABD
第五章 习题-副本,多选题,6 全面深化改革要在哪些领域发力。( ),A、 健全加强党的全面领导、全面从严治党制度||B、 深化人民当家作主制度体系改革||C、 要深化社会主义市场经济体制改革||D、 深化社会体制改革||E、 深化文化体制改革,ABCDE
第五章 习题-副本,多选题,7 下面哪些是全面深化改革开放必须坚持的正确方法。( ),A、 胆子要大，步子要稳||B、 凡属重大改革都要于法有据||C、 加强顶层设计和摸着石头过河相结合||D、 统筹改革发展稳定||E、 增强全面深化改革的系统性、整体性、协同性,ABCDE
第五章 习题-副本,多选题,8 改革开放要坚守政治原则和底线，不是改弦易张。这里面最核心的是( )、( )，偏离了这一条，那就南辕北辙了。,A、 坚持和完善中国特色社会主义制度||B、 建成社会主义现代化国家||C、 坚持和改善人民代表大会制度||D、 坚持和改善党的领导,AD
第五章 习题-副本,多选题,9 全面深化改革的总目标是( )。,A、 完善和发展中国特色社会主义制度||B、 推进国家治理体系和治理能力现代化||C、 实现中国梦||D、 实现两个百年目标,AB
第五章 习题-副本,多选题,10 当前，之所以要全面深化改革开放 ，是因为( )。,A、 城乡区域发展差距和居民收入分配差距依然较大||B、 科技创新能力不强||C、 形式主义、官僚主义、享乐主义和奢靡之风问题突出||D、 产业结构不合理，发展方式依然粗放||E、 发展中不平衡、不协调、不可持续问题依然突出,ABCDE
第五章 习题-副本,多选题,"11 党的十一届三中全会来，我国创造了( )两大奇迹,极大地改变了中国的面貌。",A、 经济快速发展||B、 社会长期稳定||C、 民族团结||D、 “新四大发明”,AB
第五章 习题-副本,多选题,12 构建更高水平开放型经济新体制，必须( )。,A、 深化贸易投资领域体制机制改革，稳步扩大规则、规制、管理、标准等制度型开放。||B、 推动共建“一带一路”高质量发展。||C、 优化区域开放布局，实施自由贸易试验区提升战略，||D、 推动货物贸易优化升级，创新服务贸易发展机制，发展数字贸易，加快建设贸易强国。||E、 依托我国超大规模市场优势，以国内大循环吸引全球资源要素，提升贸易投资合作质量和水平。,ABCDE
第五章 习题-副本,多选题,13 改革开放是有方向、有立场、有原则的，必须( )。,A、 坚持以人民为中心，促进社会公平正义、增进人民福祉||B、 推进我国社会主义制度自我完善和发展，赋予社会主义新的生机活力||C、 坚持和改善党的全面领导、坚持和完善中国特色社会主义制度||D、 有利于进一步解放思想、进一步解放和发展社会生产力,ABCD
第五章 习题-副本,多选题,14 全面深化改革开放，是一场全面、系统、整体的制度创新，要着眼于建立一整套更完备、更稳定、更管用的制度体系，包括( )。,A、 坚持和完善人民当家作主制度体系||B、 完善涉外经济法律和规则体系||C、 坚持和完善统筹城乡的民生保障制度和共建共治共享的社会治理制度||D、 坚持和完善生态文明制度体系||E、 坚持和完善繁荣发展社会主义先进文化的制度,ABCDE
第五章 习题-副本,多选题,15 全面深化改革开放，必须( )。,A、 勇于破解我国开放型经济体制建设中的突出问题，积极适应经济全球化新趋势。||B、 勇于打破部门利益、行业利益、本位思想，服从国家整体利益||C、 勇于破除根本制度、基本制度障碍，构建系统完备、科学规范、运行有效的制度体系||D、 勇于破除一切不合时宜的观念，深入贯彻新理念新思想新战略,ABD
第五章 习题-副本,多选题,16 改革开放是( )。,A、 坚持和发展中国特色社会主义的必由之路||B、 完成新时代目标任务的必然要求||C、 党和人民大踏步赶上时代的重要法宝||D、 决定当代中国命运的关键一招,ABCD
第五章 习题-副本,填空题,1 坚持和完善繁荣发展社会主义先进文化的制度，确立和坚持____在意识形态领域指导地位的根本制度。,,马克思主义
第五章 习题-副本,填空题,2 坚持和完善社会主义基本经济制度，充分发挥市场在资源配置中的____作用，更好发挥政府作用,,决定性
第五章 习题-副本,填空题,3 只有社会主义才能救中国，只有____才能发展中国、发展社会主义、发展马克思主义。,,改革开放
第五章 习题-副本,填空题,4 “____”建设是党的十八大以来我国扩大对外开放的重大战略举措。,,一带一路
第五章 习题-副本,填空题,5 ____是当代中国最显著的特征、最壮丽的气象。,,改革开放
第五章 习题-副本,判断题,1 党的十一届三中全会是划时代的，开启了改革开放和社会主义现代化建设新时期。( ),,对
第五章 习题-副本,判断题,2 我国国家制度和国家治理体系的显著优势，要坚持以人民为中心的发展思想，不断保障和改善民生、增进人民福祉，走共同富裕道路的显著优势。( ),,对
第五章 习题-副本,判断题,3 中国对外开放，不是要一家唱独角戏，而是要欢迎各方共同参与;不是要谋求势力范围，而是要支持各国共同发展;不是要营造自己的后花园，而是要建设各国共享的百花园。 ( ),,对
第五章 习题-副本,判断题,4 党的二十大指出，要推进高水平对外开放，稳步扩大规则、规制、管理、标准等制度型开放。( ),,对
第五章 习题-副本,判断题,5 改革是由问题倒逼而产生，改革进程中的矛盾只能用改革的办法来解决。( ),,对
第五章 习题-副本,判断题,6 党的二十大指出，全面建设社会主义现代化国家的前进道路上，要牢牢把握五项重大原则:坚持和加强的全面领导，坚持中国特色社会主义道路、坚持以人民为中心的发展思想、坚持深化改革开放和坚持发扬斗争精神。( ),,对
第五章 习题-副本,判断题,7 凡属重大改革不必于法有据，需要修改法律的可以不用先修改法律，先破后立。( ),,错
第五章 习题-副本,判断题,8 我国构建互利共赢、多元平衡、安全高效的开放型经济体系，不断增强我国国际经济合作和竞争新优势。( ),,对
第五章 习题-副本,判断题,9 新时代全面深化改革开放，就其艰巨性、复杂性和系统性来说，是一场深刻的革命。( ),,对
第十五章-副本-副本,单选题,1 两岸关系和平发展的最大障碍是( )。,A、 经济发展水平不同||B、 信仰不同||C、 制度不同||D、 “台独”,D
第十五章-副本-副本,单选题,2 能够确保香港、澳门回归后长期繁荣稳定的最佳制度是( )。,A、 中西结合制度||B、 资本主义制度||C、 一国两制||D、 社会主义制度,C
第十五章-副本-副本,单选题,3 “一国两制”是一个完整的概念。“一国”是实行“两制”的( )，“两制”从属和派生于“一国”并统一于“一国”之内。,A、 目标和原则||B、 方向和路径||C、 前提和基础||D、 结果和目标,C
第十五章-副本-副本,单选题,4 澳门、香港特别行政区现任行政长官分别是( ),A、 林郑月娥 崔世安||B、 李家超 贺一诚||C、 梁振英 李家超||D、 何厚铧林 林郑月娥||E、 贺一诚 李家超,E
第十五章-副本-副本,单选题,5 ( )是两岸关系的政治基础。,A、 继续推进两岸“三通”||B、 促进两岸人文交流||C、 协商解决两岸同胞关心的问题||D、 一个中国原则,D
第十五章-副本-副本,单选题,6 ( )，这是实现祖国统一的战略思路。,A、 坚持一个中国原则和“九二共识”||B、 坚持“和平统一、一国两制”基本方针||C、 坚持在祖国大陆发展进步基础上解决台湾问题||D、 坚持推动两岸关系融合发展,C
第十五章-副本-副本,单选题,7 ( )，这是实现祖国统一的战略支撑。,A、 坚持党中央对对台工作的集中统一领导||B、 坚持粉碎“台独”分裂图谋||C、 坚持决不承诺放弃使用武力||D、 坚持团结台湾同胞、争取台湾民心||E、 坚持反对外部势力干涉,C
第十五章-副本-副本,单选题,8 中央政府对特别行政区拥有( )，这是特别行政区高度自治权的源头。,A、 立法管治权||B、 全面管治权||C、 高度管理权||D、 自主选择权,B
第十五章-副本-副本,单选题,9 “一国两制”伟大构想，最早是针对( )提出来的。,A、 金门问题||B、 台湾问题||C、 澳门问题||D、 香港问题,B
第十五章-副本-副本,多选题,1 对中央全面管治权和特别行政区高度自治权的正确理解是( )。,"A、 中央有权对特别行政区高度自治权行使情况进行监督||B、 它们之间是源与流、本与末的关系||C、 中央对包括香港、澳门特别行政区在内的所有地方行政区域拥有全面管治权。||D、 高度自治不是完全自治,而是中央授予的地方事务管理权||E、 全面管治权是授权特别行政区高度自治的前提和基础，高度自治权是中央行使全面管治权的体现",ABCDE
第十五章-副本-副本,多选题,2 以下关于“一国”和“两制”的关系，正确的是( )。,A、 “一国两制”是一个完整的概念||B、 “一国”是实行“两制”的前提和基础||C、 “一国”之内的“两制”并非等量齐观，国家的主体必须实行社会主义制度，特别行政区所有居民应该自觉尊重和维护国家的根本制度。||D、 “两制”从属和派生于“一国”，并统一于“一国”之内,ABCD
第十五章-副本-副本,多选题,"3 面对香港局势动荡变化，党中央审时度势，采取哪些标本兼治的举措, 推动香港局势实现由乱到治的重大转折。( )",A、 建立健全香港特别行政区维护国家安全的法律制度和执行机制||B、 支持行政长官和特别行政区政府依法施政、积极作为||C、 完善香港特别行政区选举制度||D、 坚持以行政长官为核心的行政主导体制,ABCD
第十五章-副本-副本,多选题,4 祖国完全统一一定要实现，也一定能够实现，因为( )。,"A、 台湾前途在于国家统一，台湾同胞福祉系于民族复兴||B、 “台独”是历史逆流，是绝路,我们绝不为各种形式的“台独”分裂活动留下任何空间||C、 实现祖国完全统一是中华民族伟大复兴的必然要求,是不可阻挡的历史潮流||D、 国家统一是大势所趋、大义所在、民心所向,台湾问题因民族弱乱而产生，必将随着民族复兴而解决",ABCD
第十五章-副本-副本,多选题,5 在“一国两制”之下，作为直辖于中央人民政府的香港、澳门特别行政区，享有高度自治权，包括( )。,A、 立法权||B、 独立的司法权和终审权||C、 行政管理权||D、 外交权,ABC
第十五章-副本-副本,多选题,6 为了解决香港特别行政区在维护国家安全领域长期“不设防”的状况，中央人民政府采取的措施有( )。,A、 2020年6月，十三届全国人大常委会第二十次会议通过《中华人民共和国香港特别行政区维护国家安全法》||B、 中央人民政府依法设立驻香港特别行政区维护国家安全公署||C、 2020年5月，十三届全国人大三次会议通过《全国人民代表大会关于建立健全香港特别行政区维护国家安全的法律制度和执行机制的决定》。||D、 2022年12月，十三届全国人大常委会第三十八次会议通过《关于〈中华人民共和国香港特别行政区维护国家安全法〉第十四条和第四十七条的解释》,ABCD
第十五章-副本-副本,多选题,"7 落实“爱国者治港”“爱国者治澳”原则,( )。",A、 是保证香港、澳门长治久安的必然要求||B、 事关特别行政区的管治权掌握在谁手中||C、 事关香港、澳门长期繁荣稳定||D、 事关国家主权、安全、发展利益,ABCD
第十五章-副本-副本,多选题,8 解决台湾问题、实现祖国完全统一，是( )。,"A、 中国核心利益的核心, 民族复兴的题中之义||B、 全体中华儿女的共同愿望||C、 党矢志不渝的历史任务||D、 大势所趋、大义所在、民心所向||E、 实现中华民族伟大复兴的必然要求",ABCDE
第十五章-副本-副本,多选题,9 党的十八大以来，党中央全面准确贯彻“一国两制”方针，牢牢掌握( )赋予的中央对香港、澳门全面管治权。,A、 基本法||B、 宪法||C、 刑法||D、 民法,AB
第十五章-副本-副本,多选题,10 全面准确贯彻“一国两制”方针，必须( )。,A、 始终准确把握“一国”和“两制”的关系||B、 聚焦发展这个第一要务，推动港澳融入国家发展大局||C、 落实中央对特别行政区全面管治权，维护国家主权、安全、发展利益||D、 坚持爱国者治港治澳原则,ABCD
第十五章-副本-副本,多选题,"11 坚持和完善“一国两制”制度体系,要( )。",A、 要继续发展壮大爱国爱港爱澳力量，增强港澳同胞的爱国精神||B、 加强依法治理相关制度和机制建设||C、 健全中央行使全面管治权的制度||D、 为落实爱国者治理提供制度保障,ABCD
第十五章-副本-副本,多选题,12 全面贯彻新时代党解决台湾问题的总体方略，必须( )。,A、 坚持一个中国原则和“九二共识”||B、 坚持在祖国大陆发展进步基础上解决台湾问题||C、 坚持在中华民族伟大复兴进程中推进祖国统一||D、 坚持“和平统一、一国两制”基本方针||E、 坚持党中央对对台工作的集中统一领导,ABCDE
第十五章-副本-副本,多选题,13 为了全面贯彻并落实“爱国者治港”原则，党中央采取措施，完善香港特别行政区选举制度，具体表现在( )。,"A、 2021年,十三届全国人大常委会第二十七次会议通过新修订的《中华人民共和国香港特别行政区基本法附件一香港特别行政区行政长官的产生办法》《中华人民共和国香港特别行政区基本法附件二香港特别行政区立法会的产生办法和表决程序》。||B、 2022年12月，十三届全国人大常委会第三十八次会议通过《关于〈中华人民共和国香港特别行政区维护国家安全法〉第十四条和第四十七条的解释》||C、 2021年5月，香港特别行政区立法会通过《2021年完善选举制度(综合修订)条例草案》||D、 2021年3月，十三届全国人大四次会议通过《全国人民代表大会关于完善香港特别行政区选举制度的决定》",ACD
第十五章-副本-副本,填空题,1 ____年7月1日，中国政府恢复对香港行使主权，香港回到了祖国的怀抱。____年12月20日，澳门回到了祖国的怀抱。,,1997 1999
第十五章-副本-副本,填空题,2 “____”分裂是祖国统一的最大障碍，是民族复兴的严重隐患。,,台独
第十五章-副本-副本,填空题,3 党的十八大以来，以习近平同志为核心的党中央就对台工作提出一系列重要理念、重大政策主张，形成新时代党解决台湾问题的____，为新时代解决台湾问题指明了方向。,,总体方略
第十五章-副本-副本,填空题,4 “____、一国两制”方针是实现两岸统一的最佳方式。,,和平统一
第十五章-副本-副本,填空题,5 ____和____共同构成特别行政区的宪制基础。,,宪法 基本法
第十五章-副本-副本,填空题,6 坚持____和“九二共识”，这是祖国统一的政治基础;坚持推动两岸关系和平发展、____，这是祖国统一的实践途径。,,一个中国原则 融合发展
第十五章-副本-副本,判断题,1 对香港、澳门来说，“一国两制”是最大的优势，国家改革开放是最大的舞台，共建“一带一路”、粤港澳大湾区建设等国家战略实施是新的重大机遇。( ),,对
第十五章-副本-副本,判断题,2 香港是我国内地最大的外资来源地、对外投资最大目的地、对外贸易最大转口地，澳门是我国双向开放特别是与葡语国家经贸往来的重要平台。( ),,对
第十五章-副本-副本,判断题,3 两岸关系的政治基础是“一个中国”原则。( ),,对
第十五章-副本-副本,判断题,4 台湾问题因民族弱乱而产生，必将随着民族复兴而解决. 台湾前途在于国家统一，台湾同胞福祉系于民族复兴。( ),,对
第十五章 坚持“一国两制”和推进祖国统一-副本,单选题,1 ( )，这是实现祖国统一的战略思路。,A、 坚持一个中国原则和“九二共识”||B、 坚持在祖国大陆发展进步基础上解决台湾问题||C、 坚持“和平统一、一国两制”基本方针||D、 坚持推动两岸关系融合发展,B
第十五章 坚持“一国两制”和推进祖国统一-副本,单选题,2 中央政府对特别行政区拥有( )，这是特别行政区高度自治权的源头。,A、 立法管治权||B、 高度管理权||C、 自主选择权||D、 全面管治权,D
第十五章 坚持“一国两制”和推进祖国统一-副本,单选题,3 “一国两制”的根本宗旨是( )。,A、 解决台湾问题||B、 保持香港、澳门长期繁荣稳定||C、 实现中华民族伟大复兴||D、 维护国家主权、安全、发展利益，保持香港、澳门长期繁荣稳定,D
第十五章 坚持“一国两制”和推进祖国统一-副本,单选题,4 “一国两制”是一个完整的概念。“一国”是实行“两制”的( )，“两制”从属和派生于“一国”并统一于“一国”之内。,A、 结果和目标||B、 前提和基础||C、 方向和路径||D、 目标和原则,B
第十五章 坚持“一国两制”和推进祖国统一-副本,单选题,5 澳门、香港特别行政区现任行政长官分别是( ),A、 梁振英 李家超||B、 林郑月娥 崔世安||C、 贺一诚 李家超||D、 何厚铧林 林郑月娥||E、 李家超 贺一诚,C
第十五章 坚持“一国两制”和推进祖国统一-副本,单选题,6 ( )是两岸关系的政治基础。,A、 协商解决两岸同胞关心的问题||B、 继续推进两岸“三通”||C、 一个中国原则||D、 促进两岸人文交流,C
第十五章 坚持“一国两制”和推进祖国统一-副本,单选题,7 “一国两制”伟大构想，最早是针对( )提出来的。,A、 香港问题||B、 澳门问题||C、 金门问题||D、 台湾问题,D
第十五章 坚持“一国两制”和推进祖国统一-副本,单选题,8 ( )，这是实现祖国统一的战略支撑。,A、 坚持粉碎“台独”分裂图谋||B、 坚持团结台湾同胞、争取台湾民心||C、 坚持党中央对对台工作的集中统一领导||D、 坚持决不承诺放弃使用武力||E、 坚持反对外部势力干涉,D
第十五章 坚持“一国两制”和推进祖国统一-副本,单选题,9 能够确保香港、澳门回归后长期繁荣稳定的最佳制度是( )。,A、 一国两制||B、 社会主义制度||C、 资本主义制度||D、 中西结合制度,A
第十五章 坚持“一国两制”和推进祖国统一-副本,单选题,10 两岸关系和平发展的最大障碍是( )。,A、 “台独”||B、 信仰不同||C、 经济发展水平不同||D、 制度不同,A
第十五章 坚持“一国两制”和推进祖国统一-副本,多选题,"1 面对香港局势动荡变化，党中央审时度势，采取哪些标本兼治的举措, 推动香港局势实现由乱到治的重大转折。( )",A、 坚持以行政长官为核心的行政主导体制||B、 建立健全香港特别行政区维护国家安全的法律制度和执行机制||C、 支持行政长官和特别行政区政府依法施政、积极作为||D、 完善香港特别行政区选举制度,ABCD
第十五章 坚持“一国两制”和推进祖国统一-副本,多选题,"2 落实“爱国者治港”“爱国者治澳”原则,( )。",A、 事关特别行政区的管治权掌握在谁手中||B、 事关国家主权、安全、发展利益||C、 是保证香港、澳门长治久安的必然要求||D、 事关香港、澳门长期繁荣稳定,ABCD
第十五章 坚持“一国两制”和推进祖国统一-副本,多选题,3 对中央全面管治权和特别行政区高度自治权的正确理解是( )。,"A、 中央有权对特别行政区高度自治权行使情况进行监督||B、 它们之间是源与流、本与末的关系||C、 高度自治不是完全自治,而是中央授予的地方事务管理权||D、 中央对包括香港、澳门特别行政区在内的所有地方行政区域拥有全面管治权。||E、 全面管治权是授权特别行政区高度自治的前提和基础，高度自治权是中央行使全面管治权的体现",ABCDE
第十五章 坚持“一国两制”和推进祖国统一-副本,多选题,4 ( )是我们解决台湾问题的最大底气。,A、 国际社会支持||B、 中国特色社会主义事业取得的伟大成就||C、 包括台湾人民在内的全国各族人民万众一心、同仇敌忤||D、 我国经济、科技、国防实力的持续增强,BCD
第十五章 坚持“一国两制”和推进祖国统一-副本,多选题,5 爱国者的标准是客观的、清晰的，就是( )。,A、 在香港、澳门回归祖国之后，就是要求爱国者必须真心维护国家主权、安全、发展利益||B、 尊重和维护宪法和基本法确定的宪制秩序||C、 尊重自己民族，诚心诚意拥护祖国恢复行使对香港、澳门的主权，不损害香港、澳门的繁荣和稳定||D、 维护香港、澳门的繁荣稳定,ABCD
第十五章 坚持“一国两制”和推进祖国统一-副本,多选题,6 在“一国两制”之下，作为直辖于中央人民政府的香港、澳门特别行政区，享有高度自治权，包括( )。,A、 独立的司法权和终审权||B、 立法权||C、 外交权||D、 行政管理权,ABD
第十五章 坚持“一国两制”和推进祖国统一-副本,多选题,7 “一国两制”( )。,A、 是中国特色社会主义的伟大创举||B、 是中国共产党领导人民实现祖国和平统一的伟大构想||C、 包含了中华文化中的和合理念，体现了尊重差异、求同存异的思维方式||D、 是中国特色社会主义制度创新的重要成果||E、 为国际社会解决类似问题提供了新思路新方案,ABCDE
第十五章 坚持“一国两制”和推进祖国统一-副本,多选题,"8 坚持和完善“一国两制”制度体系,要( )。",A、 加强依法治理相关制度和机制建设||B、 要继续发展壮大爱国爱港爱澳力量，增强港澳同胞的爱国精神||C、 健全中央行使全面管治权的制度||D、 为落实爱国者治理提供制度保障,ABCD
第十五章 坚持“一国两制”和推进祖国统一-副本,多选题,9 全面贯彻新时代党解决台湾问题的总体方略，必须( )。,A、 坚持“和平统一、一国两制”基本方针||B、 坚持在祖国大陆发展进步基础上解决台湾问题||C、 坚持一个中国原则和“九二共识”||D、 坚持党中央对对台工作的集中统一领导||E、 坚持在中华民族伟大复兴进程中推进祖国统一,ABCDE
第十五章 坚持“一国两制”和推进祖国统一-副本,多选题,10 全面准确贯彻“一国两制”方针，必须( )。,A、 聚焦发展这个第一要务，推动港澳融入国家发展大局||B、 始终准确把握“一国”和“两制”的关系||C、 坚持爱国者治港治澳原则||D、 落实中央对特别行政区全面管治权，维护国家主权、安全、发展利益,ABCD
第十五章 坚持“一国两制”和推进祖国统一-副本,多选题,11 党的十八大以来，党中央全面准确贯彻“一国两制”方针，牢牢掌握( )赋予的中央对香港、澳门全面管治权。,A、 基本法||B、 民法||C、 刑法||D、 宪法,AD
第十五章 坚持“一国两制”和推进祖国统一-副本,多选题,12 为了解决香港特别行政区在维护国家安全领域长期“不设防”的状况，中央人民政府采取的措施有( )。,A、 2020年6月，十三届全国人大常委会第二十次会议通过《中华人民共和国香港特别行政区维护国家安全法》||B、 中央人民政府依法设立驻香港特别行政区维护国家安全公署||C、 2020年5月，十三届全国人大三次会议通过《全国人民代表大会关于建立健全香港特别行政区维护国家安全的法律制度和执行机制的决定》。||D、 2022年12月，十三届全国人大常委会第三十八次会议通过《关于〈中华人民共和国香港特别行政区维护国家安全法〉第十四条和第四十七条的解释》,ABCD
第十五章 坚持“一国两制”和推进祖国统一-副本,多选题,13 以下关于“一国”和“两制”的关系，正确的是( )。,A、 “两制”从属和派生于“一国”，并统一于“一国”之内||B、 “一国两制”是一个完整的概念||C、 “一国”是实行“两制”的前提和基础||D、 “一国”之内的“两制”并非等量齐观，国家的主体必须实行社会主义制度，特别行政区所有居民应该自觉尊重和维护国家的根本制度。,ABCD
第十五章 坚持“一国两制”和推进祖国统一-副本,多选题,14 牢牢把握两岸关系主导权和主动权，要做到( )。,A、 坚持“和平统一、一国两制”方针，探索“两制”台湾方案||B、 坚持以最大诚意、尽最大努力争取和平统一的前景，但决不承诺放弃使用武力||C、 促进两岸经济文化交流合作，深化两岸各领域融合发展||D、 坚定支持岛内爱国统一力量，坚定反“独”促统,ABCD
第十五章 坚持“一国两制”和推进祖国统一-副本,多选题,15 解决台湾问题、实现祖国完全统一，是( )。,"A、 大势所趋、大义所在、民心所向||B、 中国核心利益的核心, 民族复兴的题中之义||C、 党矢志不渝的历史任务||D、 实现中华民族伟大复兴的必然要求||E、 全体中华儿女的共同愿望",ABCDE
第十五章 坚持“一国两制”和推进祖国统一-副本,多选题,16 祖国完全统一一定要实现，也一定能够实现，因为( )。,"A、 台湾前途在于国家统一，台湾同胞福祉系于民族复兴||B、 国家统一是大势所趋、大义所在、民心所向,台湾问题因民族弱乱而产生，必将随着民族复兴而解决||C、 实现祖国完全统一是中华民族伟大复兴的必然要求,是不可阻挡的历史潮流||D、 “台独”是历史逆流，是绝路,我们绝不为各种形式的“台独”分裂活动留下任何空间",ABCD
第十五章 坚持“一国两制”和推进祖国统一-副本,多选题,17 为了全面贯彻并落实“爱国者治港”原则，党中央采取措施，完善香港特别行政区选举制度，具体表现在( )。,"A、 2021年5月，香港特别行政区立法会通过《2021年完善选举制度(综合修订)条例草案》||B、 2021年3月，十三届全国人大四次会议通过《全国人民代表大会关于完善香港特别行政区选举制度的决定》||C、 2022年12月，十三届全国人大常委会第三十八次会议通过《关于〈中华人民共和国香港特别行政区维护国家安全法〉第十四条和第四十七条的解释》||D、 2021年,十三届全国人大常委会第二十七次会议通过新修订的《中华人民共和国香港特别行政区基本法附件一香港特别行政区行政长官的产生办法》《中华人民共和国香港特别行政区基本法附件二香港特别行政区立法会的产生办法和表决程序》。",ABD
第十五章 坚持“一国两制”和推进祖国统一-副本,多选题,"18 在新时代国家改革开放进程中,香港、澳门应该如何抓住发展机遇，更好融入国家发展大局。( )",A、 积极主动促进国际人文交流||B、 积极主动参与国家治理实践||C、 积极主动助力国家全面开放||D、 积极主动参与粤港澳大湾区建设,ABCD
第十五章 坚持“一国两制”和推进祖国统一-副本,填空题,1 党的十八大以来，以习近平同志为核心的党中央就对台工作提出一系列重要理念、重大政策主张，形成新时代党解决台湾问题的____，为新时代解决台湾问题指明了方向。,,总体方略
第十五章 坚持“一国两制”和推进祖国统一-副本,填空题,2 坚持____和“九二共识”，这是祖国统一的政治基础;坚持推动两岸关系和平发展、____，这是祖国统一的实践途径。,,一个中国原则 融合发展
第十五章 坚持“一国两制”和推进祖国统一-副本,填空题,3 ____年7月1日，中国政府恢复对香港行使主权，香港回到了祖国的怀抱。____年12月20日，澳门回到了祖国的怀抱。,,1997 1999
第十五章 坚持“一国两制”和推进祖国统一-副本,填空题,4 ____和____共同构成特别行政区的宪制基础。,,宪法 基本法
第十五章 坚持“一国两制”和推进祖国统一-副本,填空题,5 “____、一国两制”方针是实现两岸统一的最佳方式。,,和平统一
第十五章 坚持“一国两制”和推进祖国统一-副本,填空题,6 “____”是中国特色社会主义的伟大创举，是香港、澳门回归后保持长期繁荣稳定的最佳制度安排，必须长期坚持。,,一国两制
第十五章 坚持“一国两制”和推进祖国统一-副本,填空题,7 “____”分裂是祖国统一的最大障碍，是民族复兴的严重隐患。,,台独
第十五章 坚持“一国两制”和推进祖国统一-副本,判断题,1 香港是我国内地最大的外资来源地、对外投资最大目的地、对外贸易最大转口地，澳门是我国双向开放特别是与葡语国家经贸往来的重要平台。( ),,对
第十五章 坚持“一国两制”和推进祖国统一-副本,判断题,2 必须始终维护中央全面管治权，在任何时候，都不能将全面管治权和高度自治权对立起来;在任何情况下，特别行政区行使高度自治权都不得损害国家主权和全面管治权，更不能以高度自治权对抗全面管治权。( ),,对
第十五章 坚持“一国两制”和推进祖国统一-副本,判断题,3 对香港、澳门来说，“一国两制”是最大的优势，国家改革开放是最大的舞台，共建“一带一路”、粤港澳大湾区建设等国家战略实施是新的重大机遇。( ),,对
第十五章 坚持“一国两制”和推进祖国统一-副本,判断题,4 两岸关系的政治基础是“一个中国”原则。( ),,对
第十五章 坚持“一国两制”和推进祖国统一-副本,判断题,5 台湾问题因民族弱乱而产生，必将随着民族复兴而解决. 台湾前途在于国家统一，台湾同胞福祉系于民族复兴。( ),,对
